LineUID,FromDeliverableID,FromPackageID,LineID,CBS,WBS_PackageID,WBS_DeliverableID,Description,Qty,Unit,UnitRate,Amount,Currency,Method,SourceRef,Confidence,Notes,SourceSnapshot
DEL-01-01::L-001,DEL-01-01,PKG-001,L-001,MGMT,PKG-001,DEL-01-01,Project Manager — PM oversight across full 18-month construction phase (~7 hr/wk),120,hr,175,21000,CAD,RATE_TABLE,Rate: Professional_Staff_Rates.csv row R-02 ($175/hr); Hours: Level_of_Effort.csv row DEL-01-01/R-02 (120 hr); Duration basis: Assumed_Project_Parameters.csv PP-01 (18 months),MED,PM oversight across full 18-month construction phase; ~7 hr/wk,EST_DEL-01-01_2026-02-18_1200
DEL-01-01::L-002,DEL-01-01,PKG-001,L-002,MGMT,PKG-001,DEL-01-01,Design Manager — Design phase leadership 4 months + periodic review during construction,80,hr,165,13200,CAD,RATE_TABLE,Rate: Professional_Staff_Rates.csv row R-03 ($165/hr); Hours: Level_of_Effort.csv row DEL-01-01/R-03 (80 hr); Duration basis: Assumed_Project_Parameters.csv PP-02 (4 months design),MED,Design phase leadership 4 months; periodic review during construction,EST_DEL-01-01_2026-02-18_1200
DEL-01-01::L-003,DEL-01-01,PKG-001,L-003,DESIGN,PKG-001,DEL-01-01,Architect (Project) — Design review and QA/QC review cycles,40,hr,145,5800,CAD,RATE_TABLE,Rate: Professional_Staff_Rates.csv row R-04 ($145/hr); Hours: Level_of_Effort.csv row DEL-01-01/R-04 (40 hr),MED,Design review; QA/QC review cycles — management function not discipline design production,EST_DEL-01-01_2026-02-18_1200
DEL-01-01::L-004,DEL-01-01,PKG-001,L-004,ADMIN,PKG-001,DEL-01-01,Administrative / Document Control — Document management full project duration (~3.5 hr/wk),60,hr,80,4800,CAD,RATE_TABLE,Rate: Professional_Staff_Rates.csv row R-24 ($80/hr); Hours: Level_of_Effort.csv row DEL-01-01/R-24 (60 hr); Duration basis: Assumed_Project_Parameters.csv PP-01 (18 months),MED,Document management full project duration; ~3.5 hr/wk,EST_DEL-01-01_2026-02-18_1200
DEL-01-02::L-001,DEL-01-02,PKG-001,L-001,MGMT.PROJ_CONTROLS,PKG-001,DEL-01-02,Scheduler — schedule development (40h) + monthly updates (2h/mo x 18mo = 36h) + closeout,80,hr,130,10400,CAD,RATE_TABLE,Professional_Staff_Rates.csv row R-17; Level_of_Effort.csv row DEL-01-02 R-17,MED,Rate: R-17 Scheduler $130/hr; Hours: LOE basis (PARAMETRIC) see DEC-EST-001,EST_DEL-01-02_2026-02-18_2100
DEL-01-02::L-002,DEL-01-02,PKG-001,L-002,MGMT.PROJ_CONTROLS,PKG-001,DEL-01-02,Project Manager — schedule review + reporting oversight,20,hr,175,3500,CAD,RATE_TABLE,Professional_Staff_Rates.csv row R-02; Level_of_Effort.csv row DEL-01-02 R-02,MED,Rate: R-02 PM $175/hr; Hours: LOE basis (PARAMETRIC) see DEC-EST-001,EST_DEL-01-02_2026-02-18_2100
DEL-01-02::L-003,DEL-01-02,PKG-001,L-003,MGMT.PROJ_CONTROLS,PKG-001,DEL-01-02,Scheduling software / tools — project scheduling license (18-month project),1,LS,3500,3500,CAD,ALLOWANCE,Parametric allowance — P6/MS Project license for 18-month project,LOW,Previously TBD; resolved as parametric allowance per ORCHESTRATOR TBD resolution pass; see DEC-EST-005,EST_DEL-01-02_2026-02-18_2100
DEL-01-03::L-0103-001,DEL-01-03,PKG-001,L-0103-001,CBS-LABOUR-SAFETY,PKG-001,DEL-01-03,Safety Officer - H&S plan development and site safety management,60,hr,110,6600,CAD,RATE_TABLE,Professional_Staff_Rates.csv (R-20) + Level_of_Effort.csv (DEL-01-03 R-20),MED,20h plan development + ~2.5h/wk x 16wk active site safety; rate $110/hr per rate table,EST_DEL-01-03_2026-02-18_2100
DEL-01-03::L-0103-002,DEL-01-03,PKG-001,L-0103-002,CBS-LABOUR-ADMIN,PKG-001,DEL-01-03,Administrative / Document Control - Safety documentation filing,8,hr,80,640,CAD,RATE_TABLE,Professional_Staff_Rates.csv (R-24) + Level_of_Effort.csv (DEL-01-03 R-24),MED,Safety doc filing support; rate $80/hr per rate table,EST_DEL-01-03_2026-02-18_2100
DEL-01-03::L-0103-003,DEL-01-03,PKG-001,L-0103-003,CBS-TRAINING,PKG-001,DEL-01-03,Training costs - site orientation and safety training materials for 18-month project,1,LS,4500,4500,CAD,ALLOWANCE,Parametric allowance — site orientation + safety training for 30-40 workers over 18-month project,LOW,Previously TBD; resolved as parametric allowance per ORCHESTRATOR TBD resolution pass; covers WHMIS/first aid/confined space training sessions + materials,EST_DEL-01-03_2026-02-18_2100
DEL-01-03::L-0103-004,DEL-01-03,PKG-001,L-0103-004,CBS-SUPPLIES,PKG-001,DEL-01-03,PPE and signage supplies - hard hats + vests + glasses + first aid kits + site signage,1,LS,3500,3500,CAD,ALLOWANCE,Parametric allowance — PPE and site safety signage for 18-month construction project,LOW,Previously TBD; resolved as parametric allowance per ORCHESTRATOR TBD resolution pass; covers standard PPE inventory + site safety signage package,EST_DEL-01-03_2026-02-18_2100
DEL-01-04::L-01,DEL-01-04,PKG-001,L-01,01-MGMT,PKG-001,DEL-01-04,Project Manager -- permit applications; inspection coordination; AHJ liaison,40,hr,175,7000,CAD,RATE_TABLE,Level_of_Effort.csv row DEL-01-04/R-02 + Professional_Staff_Rates.csv R-02,MED,40h per Level_of_Effort.csv; $175/hr per Professional_Staff_Rates.csv,EST_DEL-01-04_2026-02-18_1400
DEL-01-04::L-02,DEL-01-04,PKG-001,L-02,01-MGMT,PKG-001,DEL-01-04,Administrative / Document Control -- permit documentation; inspection records,12,hr,80,960,CAD,RATE_TABLE,Level_of_Effort.csv row DEL-01-04/R-24 + Professional_Staff_Rates.csv R-24,MED,12h per Level_of_Effort.csv; $80/hr per Professional_Staff_Rates.csv,EST_DEL-01-04_2026-02-18_1400
DEL-01-04::L-03,DEL-01-04,PKG-001,L-03,01-FEES,PKG-001,DEL-01-04,Building permit -- Town of Penhold (0.75% of estimated construction value),1,LS,65250,65250,CAD,ALLOWANCE,Fees_Permits_Insurance.csv FP-06 + Assumed_Project_Parameters.csv PP-24,LOW,0.75% recommended rate x $8700000 PP-24; Penhold fee schedule TBD; ALLOWANCE method per FALLBACK_POLICY,EST_DEL-01-04_2026-02-18_1400
DEL-01-04::L-04,DEL-01-04,PKG-001,L-04,01-FEES,PKG-001,DEL-01-04,Development permit -- Town of Penhold,1,LS,1200,1200,CAD,ALLOWANCE,Fees_Permits_Insurance.csv FP-07,LOW,Recommended rate $1200; Penhold fee schedule TBD,EST_DEL-01-04_2026-02-18_1400
DEL-01-04::L-05,DEL-01-04,PKG-001,L-05,01-FEES,PKG-001,DEL-01-04,Electrical permit -- Alberta Safety Codes,1,LS,2500,2500,CAD,ALLOWANCE,Fees_Permits_Insurance.csv FP-08,MED,Recommended rate $2500; based on electrical scope,EST_DEL-01-04_2026-02-18_1400
DEL-01-04::L-06,DEL-01-04,PKG-001,L-06,01-FEES,PKG-001,DEL-01-04,Plumbing permit -- Alberta Safety Codes,1,LS,2000,2000,CAD,ALLOWANCE,Fees_Permits_Insurance.csv FP-09,MED,Recommended rate $2000; based on fixture count,EST_DEL-01-04_2026-02-18_1400
DEL-01-04::L-07,DEL-01-04,PKG-001,L-07,01-FEES,PKG-001,DEL-01-04,Gas permit -- Alberta Safety Codes,1,LS,1000,1000,CAD,ALLOWANCE,Fees_Permits_Insurance.csv FP-10,MED,Recommended rate $1000; based on appliance count,EST_DEL-01-04_2026-02-18_1400
DEL-01-05::L-01,DEL-01-05,PKG-001,L-01,PM,PKG-001,DEL-01-05,Project Manager — meetings (biweekly x 2h x 18mo = 72h) + change control admin (18h),90,hr,175,15750,CAD,RATE_TABLE,Professional_Staff_Rates.csv (R-02) + Level_of_Effort.csv (DEL-01-05 R-02 90h),MED,SOW-0011 meetings + SOW-0012 change control; PP-01 18-month duration basis,EST_DEL-01-05_2026-02-18_0000
DEL-01-05::L-02,DEL-01-05,PKG-001,L-02,ADMIN,PKG-001,DEL-01-05,Administrative / Document Control — minutes + RFI log + submittal tracking + change order documentation,50,hr,80,4000,CAD,RATE_TABLE,Professional_Staff_Rates.csv (R-24) + Level_of_Effort.csv (DEL-01-05 R-24 50h),MED,SOW-0011 meeting minutes + SOW-0012 documentation management; PP-01 18-month duration basis,EST_DEL-01-05_2026-02-18_0000
DEL-01-06::L-0106-001,DEL-01-06,PKG-001,L-0106-001,01-CMGT,PKG-001,DEL-01-06,Site Superintendent -- full-time on-site supervision (40h/wk x 18mo construction duration at 80% utilization),1440,hr,135,194400,CAD,RATE_TABLE,Professional_Staff_Rates.csv row R-16 + Level_of_Effort.csv row DEL-01-06/R-16,MED,1440 hrs from Level_of_Effort.csv (PARAMETRIC basis: 40h/wk x 18mo x 4.33wk/mo trimmed to 80% utilization); $135/hr from Professional_Staff_Rates.csv R-16; 18-month duration from Assumed_Project_Parameters.csv PP-01,EST_DEL-01-06_2026-02-18_2100
DEL-01-06::L-0106-002,DEL-01-06,PKG-001,L-0106-002,01-CMGT,PKG-001,DEL-01-06,Construction Manager -- periodic site visits and logistics oversight (~3.5h/wk),60,hr,155,9300,CAD,RATE_TABLE,Professional_Staff_Rates.csv row R-15 + Level_of_Effort.csv row DEL-01-06/R-15,MED,60 hrs from Level_of_Effort.csv (PARAMETRIC basis: ~3.5h/wk); $155/hr from Professional_Staff_Rates.csv R-15,EST_DEL-01-06_2026-02-18_2100
DEL-01-06::L-0106-003,DEL-01-06,PKG-001,L-0106-003,01-SITE,PKG-001,DEL-01-06,Temporary facilities and fencing -- site office trailer + temp power + fencing panels + portable washrooms for 18-month construction duration,1,LS,35000,35000,CAD,ALLOWANCE,Parametric allowance — site office trailer ($1500/mo x 18) + temp power hookup ($5000) + temp power consumption ($500/mo x 18) + fencing panels ($500/mo x 18) + portable washrooms ($300/mo x 18) + misc $5000,LOW,Previously TBD; resolved as parametric allowance per ORCHESTRATOR TBD resolution pass,EST_DEL-01-06_2026-02-18_2100
DEL-01-06::L-0106-004,DEL-01-06,PKG-001,L-0106-004,01-SITE,PKG-001,DEL-01-06,Site cleaning -- ongoing construction cleanup + final pre-occupancy clean for 24000 sf total building area,1,LS,25000,25000,CAD,ALLOWANCE,Parametric allowance — ongoing cleanup ($800/mo x 18mo = $14400) + final pre-occupancy clean ($10000 for 24000 sf at $0.40/sf),LOW,Previously TBD; resolved as parametric allowance per ORCHESTRATOR TBD resolution pass,EST_DEL-01-06_2026-02-18_2100
DEL-01-07::L-0107-01,DEL-01-07,PKG-001,L-0107-01,CBS-0107-CX,PKG-001,DEL-01-07,Commissioning Lead -- Cx plan development (20h) + functional testing coordination (40h) + training delivery (20h) + as-built coordination (20h) + warranty admin (20h),120,hr,140,16800,CAD,RATE_TABLE,Professional_Staff_Rates.csv row R-21 (HourlyRate_CAD=140); Level_of_Effort.csv row DEL-01-07/R-21 (EstimatedHours=120),MED,Overall Cx coordination only; system-specific commissioning labor is in PKG-002 discipline deliverables,EST_DEL-01-07_2026-02-18_1830
DEL-01-07::L-0107-02,DEL-01-07,PKG-001,L-0107-02,CBS-0107-MGT,PKG-001,DEL-01-07,Project Manager -- Cx oversight and closeout coordination and warranty management,30,hr,175,5250,CAD,RATE_TABLE,Professional_Staff_Rates.csv row R-02 (HourlyRate_CAD=175); Level_of_Effort.csv row DEL-01-07/R-02 (EstimatedHours=30),MED,PM oversight of commissioning and closeout process,EST_DEL-01-07_2026-02-18_1830
DEL-01-07::L-0107-03,DEL-01-07,PKG-001,L-0107-03,CBS-0107-ADM,PKG-001,DEL-01-07,Administrative / Document Control -- As-built documentation assembly and O&M manual compilation and warranty log maintenance,20,hr,80,1600,CAD,RATE_TABLE,Professional_Staff_Rates.csv row R-24 (HourlyRate_CAD=80); Level_of_Effort.csv row DEL-01-07/R-24 (EstimatedHours=20),MED,Document assembly and formatting; binder preparation (2 hard copies + digital),EST_DEL-01-07_2026-02-18_1830
DEL-02-01::L-001,DEL-02-01,PKG-002,L-001,3300,PKG-002,DEL-02-01,Interior hollow metal doors — single (office/admin/shared areas; estimated 18 openings),18,each,1800,32400,CAD,RATE_TABLE,Building_Envelope_Rates.csv BE-11,MED,18 single doors per ASM-004,EST_DEL-02-01_2026-02-18_2100
DEL-02-01::L-002,DEL-02-01,PKG-002,L-002,3300,PKG-002,DEL-02-01,Interior hollow metal doors — double (meeting room main entry; 1 pair),1,each,3400,3400,CAD,RATE_TABLE,Building_Envelope_Rates.csv BE-12,MED,One double-door pair,EST_DEL-02-01_2026-02-18_2100
DEL-02-01::L-003,DEL-02-01,PKG-002,L-003,3300,PKG-002,DEL-02-01,Door hardware sets — commercial (all interior openings; 19 sets),19,each,600,11400,CAD,RATE_TABLE,Building_Envelope_Rates.csv BE-13,MED,19 openings per ASM-004,EST_DEL-02-01_2026-02-18_2100
DEL-02-01::L-004,DEL-02-01,PKG-002,L-004,3200,PKG-002,DEL-02-01,Interior partition walls — metal stud and gypsum board (~325 m2),325,m2,93,30225,CAD,RATE_TABLE,Interior_Architectural_Rates.csv IA-01/IA-02/IA-04 blended (70/20/10),MED,Previously TBD; resolved via PS-27,EST_DEL-02-01_2026-02-18_2100
DEL-02-01::L-005,DEL-02-01,PKG-002,L-005,3400,PKG-002,DEL-02-01,Sealed concrete floor finish — densifier + sealer (~483 m2),483,m2,35,16905,CAD,RATE_TABLE,Interior_Architectural_Rates.csv IA-08,MED,Previously TBD; resolved via PS-27,EST_DEL-02-01_2026-02-18_2100
DEL-02-01::L-006,DEL-02-01,PKG-002,L-006,3400,PKG-002,DEL-02-01,Ceiling system — suspended acoustical ceiling tile (~483 m2),483,m2,68,32844,CAD,RATE_TABLE,Interior_Architectural_Rates.csv IA-05,MED,Previously TBD; resolved via PS-27,EST_DEL-02-01_2026-02-18_2100
DEL-02-01::L-007,DEL-02-01,PKG-002,L-007,3500,PKG-002,DEL-02-01,Accessibility features — barrier-free washrooms and accessible routes,1,LS,9490,9490,CAD,RATE_TABLE,IA-15/16/17/18 composite,MED,Previously TBD; resolved via PS-27,EST_DEL-02-01_2026-02-18_2100
DEL-02-01::L-008,DEL-02-01,PKG-002,L-008,3600,PKG-002,DEL-02-01,Code-required signage — exit + room ID + fire safety,1,LS,11520,11520,CAD,RATE_TABLE,IA-19/20/21 composite,MED,Previously TBD; resolved via PS-27,EST_DEL-02-01_2026-02-18_2100
DEL-02-01::L-009,DEL-02-01,PKG-002,L-009,3400,PKG-002,DEL-02-01,Interior paint — wall finishes (~650 m2),650,m2,14.05,9133,CAD,RATE_TABLE,IA-12/IA-13 blended (85/15),MED,Previously TBD; resolved via PS-27,EST_DEL-02-01_2026-02-18_2100
DEL-02-01::L-010,DEL-02-01,PKG-002,L-010,3100,PKG-002,DEL-02-01,Architectural design fees — 7% of DEL-02-01 construction cost,1,LS,11012,11012,CAD,RATE_TABLE,Professional_Design_Fees.csv DF-01 (7% of $157317),MED,Previously TBD; now computable,EST_DEL-02-01_2026-02-18_2100
DEL-02-02::L-001,DEL-02-02,PKG-002,L-001,03-CONCRETE,PKG-002,DEL-02-02,Sealed concrete floor finish -- 4 fire apparatus bays (780 m2 total; 4 bays x 2100 sf = 8400 sf),780,m2,35,27300,CAD,RATE_TABLE,Interior_Architectural_Rates.csv / IA-08; Assumed_Project_Parameters.csv / PP-11 (4 bays) and PP-05 (bay area ~2100 sf each from Datasheet),MED,Bay area midpoint 2100 sf per Addendum 03 s1.21 (2000-2200 sf range). Densifier + sealer per IA-08 description. See ASM-001.,EST_DEL-02-02_2026-02-18_1036
DEL-02-02::L-002,DEL-02-02,PKG-002,L-002,09-FINISHES,PKG-002,DEL-02-02,Exposed structure paint -- 4 fire apparatus bay ceilings (780 m2),780,m2,22,17160,CAD,RATE_TABLE,Interior_Architectural_Rates.csv / IA-07; Assumed_Project_Parameters.csv / PP-11,MED,Spray-apply latex to exposed deck/joists in bay area. Same 780 m2 as bay floor area. See ASM-001.,EST_DEL-02-02_2026-02-18_1036
DEL-02-02::L-003,DEL-02-02,PKG-002,L-003,10-SPECIALTIES,PKG-002,DEL-02-02,Bunker gear lockers -- heavy-duty ventilated (40 units),40,each,2200,88000,CAD,RATE_TABLE,Equipment_Pricing.csv / EQ-06; Assumed_Project_Parameters.csv / PP-15,MED,Quantity confirmed at 40 per Addendum 03 s1.13 and PP-15. Rate $2200 is midpoint of $1800-$2500 range.,EST_DEL-02-02_2026-02-18_1036
DEL-02-02::L-004,DEL-02-02,PKG-002,L-004,11-EQUIPMENT,PKG-002,DEL-02-02,Breathing air compressor system -- fire service complete (1 system),1,LS,55000,55000,CAD,RATE_TABLE,Equipment_Pricing.csv / EQ-08; Mechanical_System_Rates.csv / MS-08,LOW,Both sources consistent ($45k-$65k range). Includes compressor + dryer + storage + fill panels + distribution piping within SCBA room. Resolves CON-M-01 per cost ownership rules.,EST_DEL-02-02_2026-02-18_1036
DEL-02-02::L-005,DEL-02-02,PKG-002,L-005,23-MECH,PKG-002,DEL-02-02,Compressed air distribution piping -- from compressor room to 4 apparatus bays (ceiling drops),1,LS,20000,20000,CAD,ALLOWANCE,Decision_Log.md / DEC-EST-003; Equipment_Pricing.csv / EQ-08 Notes,LOW,No direct rate table entry for piping distribution. Allowance based on 4 bays x typical 15-25m piping runs + ceiling drop assemblies + valves. FALLBACK_POLICY=ALLOW_ALLOWANCE applied. See ASM-003.,EST_DEL-02-02_2026-02-18_1036
DEL-02-02::L-006,DEL-02-02,PKG-002,L-006,22-PLUMBING,PKG-002,DEL-02-02,Bay sump assemblies -- oil/water separator type (4 fire bays),4,each,4500,18000,CAD,RATE_TABLE,Mechanical_System_Rates.csv / MS-10; Equipment_Pricing.csv / EQ-10; Assumed_Project_Parameters.csv / PP-18,MED,4 fire apparatus bays. Rate $4500 per MS-10/EQ-10. Includes floor drain + trap + separator + sanitary connection.,EST_DEL-02-02_2026-02-18_1036
DEL-02-02::L-007,DEL-02-02,PKG-002,L-007,09-FINISHES,PKG-002,DEL-02-02,Decon area -- wet area partitions (steel stud + cement board; 50 m2),50,m2,132,6600,CAD,RATE_TABLE,Interior_Architectural_Rates.csv / IA-04,MED,Interior partition walls for decon room and shower/WR areas. Moisture-resistant GWB + cement board. See ASM-002.,EST_DEL-02-02_2026-02-18_1036
DEL-02-02::L-008,DEL-02-02,PKG-002,L-008,09-FINISHES,PKG-002,DEL-02-02,Decon area -- ceramic tile flooring (decon room + shower/WR; 26.5 m2),26.5,m2,118,3127,CAD,RATE_TABLE,Interior_Architectural_Rates.csv / IA-10,MED,Commercial grade ceramic tile for wet areas. Decon room 16.3 m2 + 2x shower/WR 10.2 m2. See ASM-002.,EST_DEL-02-02_2026-02-18_1036
DEL-02-02::L-009,DEL-02-02,PKG-002,L-009,09-FINISHES,PKG-002,DEL-02-02,Decon area -- ceramic tile walls in shower zones (20 m2),20,m2,118,2360,CAD,RATE_TABLE,Interior_Architectural_Rates.csv / IA-10,MED,Shower/WR wall tile to ceiling height. See ASM-002.,EST_DEL-02-02_2026-02-18_1036
DEL-02-02::L-010,DEL-02-02,PKG-002,L-010,09-FINISHES,PKG-002,DEL-02-02,Decon area -- epoxy/semi-gloss paint on remaining walls (30 m2),30,m2,20,600,CAD,RATE_TABLE,Interior_Architectural_Rates.csv / IA-13,MED,Washable finish for cleaning-intensive decon areas.,EST_DEL-02-02_2026-02-18_1036
DEL-02-02::L-011,DEL-02-02,PKG-002,L-011,10-SPECIALTIES,PKG-002,DEL-02-02,Decon area -- washroom accessories (2 washroom/shower rooms),2,each,800,1600,CAD,RATE_TABLE,Interior_Architectural_Rates.csv / IA-24,MED,Dispensers + mirrors + shelves per shower/WR unit.,EST_DEL-02-02_2026-02-18_1036
DEL-02-02::L-012,DEL-02-02,PKG-002,L-012,10-SPECIALTIES,PKG-002,DEL-02-02,Decon area -- toilet partitions (2 stalls),2,each,1500,3000,CAD,RATE_TABLE,Interior_Architectural_Rates.csv / IA-25,MED,Phenolic or solid plastic; floor-mounted overhead-braced.,EST_DEL-02-02_2026-02-18_1036
DEL-02-02::L-013,DEL-02-02,PKG-002,L-013,09-FINISHES,PKG-002,DEL-02-02,Bunker gear locker room -- non-rated partitions (30 m2),30,m2,82,2460,CAD,RATE_TABLE,Interior_Architectural_Rates.csv / IA-02,MED,Steel stud + 1-layer GWB both sides. Room area ~42 m2 (450 sf midpoint). See ASM-004.,EST_DEL-02-02_2026-02-18_1036
DEL-02-02::L-014,DEL-02-02,PKG-002,L-014,03-CONCRETE,PKG-002,DEL-02-02,Bunker gear locker room -- sealed concrete floor (41.8 m2),41.8,m2,35,1463,CAD,RATE_TABLE,Interior_Architectural_Rates.csv / IA-08,MED,Densifier + sealer. See ASM-004.,EST_DEL-02-02_2026-02-18_1036
DEL-02-02::L-015,DEL-02-02,PKG-002,L-015,09-FINISHES,PKG-002,DEL-02-02,Bunker gear locker room -- suspended ACT ceiling (41.8 m2),41.8,m2,68,2842,CAD,RATE_TABLE,Interior_Architectural_Rates.csv / IA-05,MED,600x600 lay-in mineral fibre with seismic clips. See ASM-004.,EST_DEL-02-02_2026-02-18_1036
DEL-02-02::L-016,DEL-02-02,PKG-002,L-016,09-FINISHES,PKG-002,DEL-02-02,Bunker gear locker room -- paint walls (60 m2),60,m2,13,780,CAD,RATE_TABLE,Interior_Architectural_Rates.csv / IA-12,MED,2 coats latex on drywall.,EST_DEL-02-02_2026-02-18_1036
DEL-02-02::L-017,DEL-02-02,PKG-002,L-017,09-FINISHES,PKG-002,DEL-02-02,Fire gear storage room -- non-rated partitions (20 m2),20,m2,82,1640,CAD,RATE_TABLE,Interior_Architectural_Rates.csv / IA-02,MED,Room area ~25.5 m2 (275 sf midpoint). See ASM-005.,EST_DEL-02-02_2026-02-18_1036
DEL-02-02::L-018,DEL-02-02,PKG-002,L-018,03-CONCRETE,PKG-002,DEL-02-02,Fire gear storage room -- sealed concrete floor (25.5 m2),25.5,m2,35,893,CAD,RATE_TABLE,Interior_Architectural_Rates.csv / IA-08,MED,See ASM-005.,EST_DEL-02-02_2026-02-18_1036
DEL-02-02::L-019,DEL-02-02,PKG-002,L-019,09-FINISHES,PKG-002,DEL-02-02,Fire gear storage room -- suspended ACT ceiling (25.5 m2),25.5,m2,68,1734,CAD,RATE_TABLE,Interior_Architectural_Rates.csv / IA-05,MED,See ASM-005.,EST_DEL-02-02_2026-02-18_1036
DEL-02-02::L-020,DEL-02-02,PKG-002,L-020,09-FINISHES,PKG-002,DEL-02-02,Fire gear storage room -- paint walls (40 m2),40,m2,13,520,CAD,RATE_TABLE,Interior_Architectural_Rates.csv / IA-12,MED,See ASM-005.,EST_DEL-02-02_2026-02-18_1036
DEL-02-02::L-021,DEL-02-02,PKG-002,L-021,09-FINISHES,PKG-002,DEL-02-02,Fire gear storage room -- hollow metal door + hardware (1 opening),1,each,2400,2400,CAD,RATE_TABLE,Building_Envelope_Rates.csv / BE-11 ($1800) + BE-13 ($600),MED,Single HM door + frame + lever handle/closer/hinges set.,EST_DEL-02-02_2026-02-18_1036
DEL-02-02::L-022,DEL-02-02,PKG-002,L-022,09-FINISHES,PKG-002,DEL-02-02,SCBA/cascade room -- non-rated partitions (18 m2),18,m2,82,1476,CAD,RATE_TABLE,Interior_Architectural_Rates.csv / IA-02,MED,Room area ~16.3 m2 (175 sf midpoint). See ASM-006.,EST_DEL-02-02_2026-02-18_1036
DEL-02-02::L-023,DEL-02-02,PKG-002,L-023,03-CONCRETE,PKG-002,DEL-02-02,SCBA/cascade room -- sealed concrete floor (16.3 m2),16.3,m2,35,571,CAD,RATE_TABLE,Interior_Architectural_Rates.csv / IA-08,MED,See ASM-006.,EST_DEL-02-02_2026-02-18_1036
DEL-02-02::L-024,DEL-02-02,PKG-002,L-024,09-FINISHES,PKG-002,DEL-02-02,SCBA/cascade room -- exposed ceiling paint (16.3 m2),16.3,m2,22,359,CAD,RATE_TABLE,Interior_Architectural_Rates.csv / IA-07,MED,Exposed structure for equipment access. See ASM-006.,EST_DEL-02-02_2026-02-18_1036
DEL-02-02::L-025,DEL-02-02,PKG-002,L-025,09-FINISHES,PKG-002,DEL-02-02,SCBA/cascade room -- paint walls (36 m2),36,m2,13,468,CAD,RATE_TABLE,Interior_Architectural_Rates.csv / IA-12,MED,See ASM-006.,EST_DEL-02-02_2026-02-18_1036
DEL-02-02::L-026,DEL-02-02,PKG-002,L-026,09-FINISHES,PKG-002,DEL-02-02,SCBA/cascade room -- hollow metal door + hardware (1 opening),1,each,2400,2400,CAD,RATE_TABLE,Building_Envelope_Rates.csv / BE-11 ($1800) + BE-13 ($600),MED,Single HM door + frame + hardware set.,EST_DEL-02-02_2026-02-18_1036
DEL-02-02::L-027,DEL-02-02,PKG-002,L-027,09-FINISHES,PKG-002,DEL-02-02,Compressor room -- fire-rated partitions 1-hr (16 m2),16,m2,112,1792,CAD,RATE_TABLE,Interior_Architectural_Rates.csv / IA-01,MED,Fire-rated due to compressor equipment. Room area ~11.6 m2 (125 sf midpoint). See ASM-007.,EST_DEL-02-02_2026-02-18_1036
DEL-02-02::L-028,DEL-02-02,PKG-002,L-028,03-CONCRETE,PKG-002,DEL-02-02,Compressor room -- sealed concrete floor (11.6 m2),11.6,m2,35,406,CAD,RATE_TABLE,Interior_Architectural_Rates.csv / IA-08,MED,See ASM-007.,EST_DEL-02-02_2026-02-18_1036
DEL-02-02::L-029,DEL-02-02,PKG-002,L-029,09-FINISHES,PKG-002,DEL-02-02,Compressor room -- exposed ceiling paint (11.6 m2),11.6,m2,22,255,CAD,RATE_TABLE,Interior_Architectural_Rates.csv / IA-07,MED,Exposed for equipment access. See ASM-007.,EST_DEL-02-02_2026-02-18_1036
DEL-02-02::L-030,DEL-02-02,PKG-002,L-030,09-FINISHES,PKG-002,DEL-02-02,Compressor room -- paint walls (32 m2),32,m2,13,416,CAD,RATE_TABLE,Interior_Architectural_Rates.csv / IA-12,MED,See ASM-007.,EST_DEL-02-02_2026-02-18_1036
DEL-02-02::L-031,DEL-02-02,PKG-002,L-031,09-FINISHES,PKG-002,DEL-02-02,Compressor room -- hollow metal door + hardware (1 opening),1,each,2400,2400,CAD,RATE_TABLE,Building_Envelope_Rates.csv / BE-11 ($1800) + BE-13 ($600),MED,Single HM door + frame + hardware set.,EST_DEL-02-02_2026-02-18_1036
DEL-02-02::L-032,DEL-02-02,PKG-002,L-032,09-FINISHES,PKG-002,DEL-02-02,Medical/EMS storage room -- non-rated partitions (10 m2),10,m2,82,820,CAD,RATE_TABLE,Interior_Architectural_Rates.csv / IA-02,MED,Room area ~5.6 m2 (60 sf midpoint). See ASM-008.,EST_DEL-02-02_2026-02-18_1036
DEL-02-02::L-033,DEL-02-02,PKG-002,L-033,03-CONCRETE,PKG-002,DEL-02-02,Medical/EMS storage room -- sealed concrete floor (5.6 m2),5.6,m2,35,196,CAD,RATE_TABLE,Interior_Architectural_Rates.csv / IA-08,MED,See ASM-008.,EST_DEL-02-02_2026-02-18_1036
DEL-02-02::L-034,DEL-02-02,PKG-002,L-034,09-FINISHES,PKG-002,DEL-02-02,Medical/EMS storage room -- suspended ACT ceiling (5.6 m2),5.6,m2,68,381,CAD,RATE_TABLE,Interior_Architectural_Rates.csv / IA-05,MED,See ASM-008.,EST_DEL-02-02_2026-02-18_1036
DEL-02-02::L-035,DEL-02-02,PKG-002,L-035,09-FINISHES,PKG-002,DEL-02-02,Medical/EMS storage room -- paint walls (20 m2),20,m2,13,260,CAD,RATE_TABLE,Interior_Architectural_Rates.csv / IA-12,MED,See ASM-008.,EST_DEL-02-02_2026-02-18_1036
DEL-02-02::L-036,DEL-02-02,PKG-002,L-036,09-FINISHES,PKG-002,DEL-02-02,Medical/EMS storage room -- hollow metal door + hardware (1 opening),1,each,2400,2400,CAD,RATE_TABLE,Building_Envelope_Rates.csv / BE-11 ($1800) + BE-13 ($600),MED,Single HM door + frame + hardware set.,EST_DEL-02-02_2026-02-18_1036
DEL-02-02::L-037,DEL-02-02,PKG-002,L-037,09-FINISHES,PKG-002,DEL-02-02,Decon area -- hollow metal door + hardware (2 openings),2,each,2400,4800,CAD,RATE_TABLE,Building_Envelope_Rates.csv / BE-11 ($1800) + BE-13 ($600),MED,Decon room entry + shower/WR access. 2 openings.,EST_DEL-02-02_2026-02-18_1036
DEL-02-02::L-038,DEL-02-02,PKG-002,L-038,09-FINISHES,PKG-002,DEL-02-02,Bunker gear locker room -- hollow metal door + hardware (1 opening),1,each,2400,2400,CAD,RATE_TABLE,Building_Envelope_Rates.csv / BE-11 ($1800) + BE-13 ($600),MED,Main entry to locker room.,EST_DEL-02-02_2026-02-18_1036
DEL-02-03::L-001,DEL-02-03,PKG-002,L-001,21.03.01,PKG-002,DEL-02-03,Sealed concrete floor finish — PW shop bays (densifier + sealer; grind + polish),780,m2,35,27300,CAD,RATE_TABLE,Interior_Architectural_Rates.csv#IA-08,MED,4 bays x 2100 sf/bay = 8400 sf = 780 m2; rate from IA-08 RecommendedRate $35/m2,EST_DEL-02-03_2026-02-18_1100
DEL-02-03::L-002,DEL-02-03,PKG-002,L-002,21.03.01,PKG-002,DEL-02-03,Sealed concrete floor finish — workshop area,74,m2,35,2590,CAD,RATE_TABLE,Interior_Architectural_Rates.csv#IA-08,MED,800 sf workshop = 74 m2; same finish as bays,EST_DEL-02-03_2026-02-18_1100
DEL-02-03::L-003,DEL-02-03,PKG-002,L-003,21.03.01,PKG-002,DEL-02-03,Sealed concrete floor finish — warehouse/storage area,56,m2,35,1960,CAD,RATE_TABLE,Interior_Architectural_Rates.csv#IA-08,MED,600 sf storage = 56 m2; same finish as bays,EST_DEL-02-03_2026-02-18_1100
DEL-02-03::L-004,DEL-02-03,PKG-002,L-004,21.03.02,PKG-002,DEL-02-03,Exposed structure paint — PW shop bay ceilings,780,m2,22,17160,CAD,RATE_TABLE,Interior_Architectural_Rates.csv#IA-07,MED,Spray-apply latex to exposed structure in 4 bays,EST_DEL-02-03_2026-02-18_1100
DEL-02-03::L-005,DEL-02-03,PKG-002,L-005,21.03.02,PKG-002,DEL-02-03,Exposed structure paint — workshop ceiling,74,m2,22,1628,CAD,RATE_TABLE,Interior_Architectural_Rates.csv#IA-07,MED,Workshop area ceiling,EST_DEL-02-03_2026-02-18_1100
DEL-02-03::L-006,DEL-02-03,PKG-002,L-006,21.03.02,PKG-002,DEL-02-03,Compressed air piping — hard-plumbed through bays,1,LS,15000,15000,CAD,ALLOWANCE,Assumptions_Log.md#ASM-008,LOW,Functional Program Rows 27-28 require hard-plumbed air lines; no rate table item; allowance used per FALLBACK_POLICY,EST_DEL-02-03_2026-02-18_1100
DEL-02-03::L-007,DEL-02-03,PKG-002,L-007,21.03.02,PKG-002,DEL-02-03,Shop bay interior wall paint (epoxy/semi-gloss; washable),320,m2,20,6400,CAD,RATE_TABLE,Interior_Architectural_Rates.csv#IA-13,MED,Bay perimeter walls within PW zone; estimated 320 m2 total wall area across 4 bays,EST_DEL-02-03_2026-02-18_1100
DEL-02-03::L-008,DEL-02-03,PKG-002,L-008,21.03.03,PKG-002,DEL-02-03,Workshop workbench and welding area fit-up,1,LS,22000,22000,CAD,ALLOWANCE,Equipment_Pricing.csv#EQ-13,LOW,Workshop equipment allowance: bench grinder; drill press; workbench; storage; per PW functional needs,EST_DEL-02-03_2026-02-18_1100
DEL-02-03::L-009,DEL-02-03,PKG-002,L-009,21.03.03,PKG-002,DEL-02-03,Warehouse/parts storage shelving and racking,1,LS,12000,12000,CAD,ALLOWANCE,Assumptions_Log.md#ASM-009,LOW,Industrial shelving/racking for parts storage; no rate table item; allowance per FALLBACK_POLICY,EST_DEL-02-03_2026-02-18_1100
DEL-02-03::L-010,DEL-02-03,PKG-002,L-010,21.03.04,PKG-002,DEL-02-03,PW lockers — heavy-duty full-height (40 units),40,each,1000,40000,CAD,RATE_TABLE,Equipment_Pricing.csv#EQ-07,MED,40 standard heavy-duty personnel lockers per functional program; RecommendedPrice $1000/each,EST_DEL-02-03_2026-02-18_1100
DEL-02-03::L-011,DEL-02-03,PKG-002,L-011,21.03.04,PKG-002,DEL-02-03,PPE/locker room — ceramic tile flooring (shower/wet areas),56,m2,118,6608,CAD,RATE_TABLE,Interior_Architectural_Rates.csv#IA-10,MED,Shower and change area wet zones; ~600 sf = 56 m2; rate from IA-10,EST_DEL-02-03_2026-02-18_1100
DEL-02-03::L-012,DEL-02-03,PKG-002,L-012,21.03.04,PKG-002,DEL-02-03,PPE/locker room — sealed concrete flooring (dry areas),55,m2,35,1925,CAD,RATE_TABLE,Interior_Architectural_Rates.csv#IA-08,MED,Dry locker area; ~600 sf = 55 m2,EST_DEL-02-03_2026-02-18_1100
DEL-02-03::L-013,DEL-02-03,PKG-002,L-013,21.03.04,PKG-002,DEL-02-03,PPE/locker room — moisture-resistant partitions,65,m2,132,8580,CAD,RATE_TABLE,Interior_Architectural_Rates.csv#IA-04,MED,Shower stall partitions and wet area walls; ~65 m2 estimated,EST_DEL-02-03_2026-02-18_1100
DEL-02-03::L-014,DEL-02-03,PKG-002,L-014,21.03.04,PKG-002,DEL-02-03,PPE/locker room — suspended gypsum ceiling (washroom/shower),111,m2,102,11322,CAD,RATE_TABLE,Interior_Architectural_Rates.csv#IA-06,MED,Full locker room area 1200 sf = 111 m2; moisture-rated ceiling,EST_DEL-02-03_2026-02-18_1100
DEL-02-03::L-015,DEL-02-03,PKG-002,L-015,21.03.04,PKG-002,DEL-02-03,PPE/locker room — epoxy wall paint,180,m2,20,3600,CAD,RATE_TABLE,Interior_Architectural_Rates.csv#IA-13,MED,All locker room walls; estimated 180 m2,EST_DEL-02-03_2026-02-18_1100
DEL-02-03::L-016,DEL-02-03,PKG-002,L-016,21.03.04,PKG-002,DEL-02-03,PPE/locker room — washroom accessories package (2 washrooms),2,each,800,1600,CAD,RATE_TABLE,Interior_Architectural_Rates.csv#IA-24,MED,Dispensers + mirrors + shelves per washroom,EST_DEL-02-03_2026-02-18_1100
DEL-02-03::L-017,DEL-02-03,PKG-002,L-017,21.03.04,PKG-002,DEL-02-03,PPE/locker room — toilet partitions (4 stalls),4,each,1500,6000,CAD,RATE_TABLE,Interior_Architectural_Rates.csv#IA-25,MED,Phenolic partitions; 2 per washroom x 2 washrooms,EST_DEL-02-03_2026-02-18_1100
DEL-02-03::L-018,DEL-02-03,PKG-002,L-018,21.03.04,PKG-002,DEL-02-03,PPE/locker room — grab bars + accessible fittings (2 washrooms),2,each,1100,2200,CAD,RATE_TABLE,Interior_Architectural_Rates.csv#IA-17,MED,Stainless steel grab bars per accessible washroom,EST_DEL-02-03_2026-02-18_1100
DEL-02-03::L-019,DEL-02-03,PKG-002,L-019,21.03.04,PKG-002,DEL-02-03,PPE/locker room — vanity countertops,3,lm,575,1725,CAD,RATE_TABLE,Interior_Architectural_Rates.csv#IA-22,MED,Solid surface countertops; ~3 lm total across 2 washroom vanities,EST_DEL-02-03_2026-02-18_1100
DEL-02-03::L-020,DEL-02-03,PKG-002,L-020,21.03.04,PKG-002,DEL-02-03,PPE/first aid room — fit-up,1,LS,3500,3500,CAD,ALLOWANCE,Assumptions_Log.md#ASM-010,LOW,First aid equipment; PPE storage; food washing area; 100-150 sf room; no rate table item,EST_DEL-02-03_2026-02-18_1100
DEL-02-03::L-021,DEL-02-03,PKG-002,L-021,21.03.05,PKG-002,DEL-02-03,Shop office — sealed concrete floor,19,m2,35,665,CAD,RATE_TABLE,Interior_Architectural_Rates.csv#IA-08,MED,200 sf = 19 m2; sealed concrete per OSR direction,EST_DEL-02-03_2026-02-18_1100
DEL-02-03::L-022,DEL-02-03,PKG-002,L-022,21.03.05,PKG-002,DEL-02-03,Shop office — suspended acoustic tile ceiling,19,m2,68,1292,CAD,RATE_TABLE,Interior_Architectural_Rates.csv#IA-05,MED,Standard T-bar ACT for office area,EST_DEL-02-03_2026-02-18_1100
DEL-02-03::L-023,DEL-02-03,PKG-002,L-023,21.03.05,PKG-002,DEL-02-03,Shop office — wall paint (standard latex),50,m2,13,650,CAD,RATE_TABLE,Interior_Architectural_Rates.csv#IA-12,MED,Office perimeter walls; ~50 m2 estimated,EST_DEL-02-03_2026-02-18_1100
DEL-02-03::L-024,DEL-02-03,PKG-002,L-024,21.03.05,PKG-002,DEL-02-03,Shop washroom — ceramic tile floor,9,m2,118,1062,CAD,RATE_TABLE,Interior_Architectural_Rates.csv#IA-10,MED,100 sf = 9 m2; washroom floor,EST_DEL-02-03_2026-02-18_1100
DEL-02-03::L-025,DEL-02-03,PKG-002,L-025,21.03.05,PKG-002,DEL-02-03,Shop washroom — moisture-resistant partitions,18,m2,132,2376,CAD,RATE_TABLE,Interior_Architectural_Rates.csv#IA-04,MED,Washroom walls; ~18 m2,EST_DEL-02-03_2026-02-18_1100
DEL-02-03::L-026,DEL-02-03,PKG-002,L-026,21.03.05,PKG-002,DEL-02-03,Shop washroom — suspended gypsum ceiling,9,m2,102,918,CAD,RATE_TABLE,Interior_Architectural_Rates.csv#IA-06,MED,Moisture-rated ceiling,EST_DEL-02-03_2026-02-18_1100
DEL-02-03::L-027,DEL-02-03,PKG-002,L-027,21.03.05,PKG-002,DEL-02-03,Shop washroom — epoxy wall paint,18,m2,20,360,CAD,RATE_TABLE,Interior_Architectural_Rates.csv#IA-13,MED,Epoxy paint for wet area,EST_DEL-02-03_2026-02-18_1100
DEL-02-03::L-028,DEL-02-03,PKG-002,L-028,21.03.05,PKG-002,DEL-02-03,Shop washroom — accessories package,1,each,800,800,CAD,RATE_TABLE,Interior_Architectural_Rates.csv#IA-24,MED,Dispensers + mirrors + shelves,EST_DEL-02-03_2026-02-18_1100
DEL-02-03::L-029,DEL-02-03,PKG-002,L-029,21.03.05,PKG-002,DEL-02-03,Shop washroom — grab bars + accessible fittings,1,each,1100,1100,CAD,RATE_TABLE,Interior_Architectural_Rates.csv#IA-17,MED,Accessible washroom per ABC,EST_DEL-02-03_2026-02-18_1100
DEL-02-03::L-030,DEL-02-03,PKG-002,L-030,21.03.05,PKG-002,DEL-02-03,Shop washroom — toilet partition,1,each,1500,1500,CAD,RATE_TABLE,Interior_Architectural_Rates.csv#IA-25,MED,Single stall partition,EST_DEL-02-03_2026-02-18_1100
DEL-02-03::L-031,DEL-02-03,PKG-002,L-031,21.03.05,PKG-002,DEL-02-03,Shop washroom — vanity countertop,1,lm,575,575,CAD,RATE_TABLE,Interior_Architectural_Rates.csv#IA-22,MED,Solid surface; 1 lm,EST_DEL-02-03_2026-02-18_1100
DEL-02-03::L-032,DEL-02-03,PKG-002,L-032,21.03.04,PKG-002,DEL-02-03,PPE/locker room — shower fixtures and plumbing rough-in (2 standalone showers),1,LS,8000,8000,CAD,ALLOWANCE,Assumptions_Log.md#ASM-011,LOW,2 standalone showers per functional program; includes shower valves + drains + waterproofing; no specific rate table item for showers,EST_DEL-02-03_2026-02-18_1100
DEL-02-04::L-001,DEL-02-04,PKG-002,L-001,03-CONCRETE,PKG-002,DEL-02-04,Screw piles - installed (galvanized; 6-8m depth; Penhold soils),48,each,3000,144000,CAD,RATE_TABLE,Structural_Concrete_Rates.csv > SC-14; qty per ASM-07,MED,Assumed 48 piles at ~3.5m spacing around perimeter + interior column lines; DB to confirm during design,EST_DEL-02-04_2026-02-18_1130
DEL-02-04::L-002,DEL-02-04,PKG-002,L-002,03-CONCRETE,PKG-002,DEL-02-04,Pile caps / grade beams - concrete 32 MPa (supplied and placed),38,m3,385,14630,CAD,RATE_TABLE,Structural_Concrete_Rates.csv > SC-02; qty per ASM-08,MED,Pile cap concrete volume: 48 caps x ~0.4m3 avg + grade beams ~19m3,EST_DEL-02-04_2026-02-18_1130
DEL-02-04::L-003,DEL-02-04,PKG-002,L-003,03-CONCRETE,PKG-002,DEL-02-04,Foundation formwork - pile caps and grade beams,180,m2,65,11700,CAD,RATE_TABLE,Structural_Concrete_Rates.csv > SC-05; qty per ASM-09,MED,Formwork for pile caps and grade beams combined,EST_DEL-02-04_2026-02-18_1130
DEL-02-04::L-004,DEL-02-04,PKG-002,L-004,03-CONCRETE,PKG-002,DEL-02-04,Foundation wall formwork (frost wall / stem wall at perimeter),165,m2,75,12375,CAD,RATE_TABLE,Structural_Concrete_Rates.csv > SC-06; qty per ASM-10,MED,Perimeter frost wall 165 lm x ~1.0m height avg both sides,EST_DEL-02-04_2026-02-18_1130
DEL-02-04::L-005,DEL-02-04,PKG-002,L-005,03-CONCRETE,PKG-002,DEL-02-04,Reinforcing steel - foundations (cut/bent/placed),4800,kg,3.25,15600,CAD,RATE_TABLE,Structural_Concrete_Rates.csv > SC-07; qty per ASM-11,MED,~100 kg/pile cap avg + grade beam rebar,EST_DEL-02-04_2026-02-18_1130
DEL-02-04::L-006,DEL-02-04,PKG-002,L-006,03-CONCRETE,PKG-002,DEL-02-04,Concrete slab-on-grade - 200mm reinforced (bay areas),1115,m2,108,120420,CAD,RATE_TABLE,Structural_Concrete_Rates.csv > SC-04; qty per PP-05 / ASM-03,MED,Heavy-duty slab for 8 apparatus/shop bays; ~12000 sf = 1115 m2,EST_DEL-02-04_2026-02-18_1130
DEL-02-04::L-007,DEL-02-04,PKG-002,L-007,03-CONCRETE,PKG-002,DEL-02-04,Concrete slab-on-grade - 150mm with W/W mesh (office/shared areas),557,m2,85,47345,CAD,RATE_TABLE,Structural_Concrete_Rates.csv > SC-03; qty per PP-05 / ASM-04,MED,Standard slab for office and shared spaces; ~6000 sf = 557 m2,EST_DEL-02-04_2026-02-18_1130
DEL-02-04::L-008,DEL-02-04,PKG-002,L-008,03-CONCRETE,PKG-002,DEL-02-04,Anchor bolts - set in concrete (column base plates),96,each,45,4320,CAD,RATE_TABLE,Structural_Concrete_Rates.csv > SC-15; qty per ASM-12,MED,2 bolts per pile cap x 48 piles (conservative; some caps may have 4),EST_DEL-02-04_2026-02-18_1130
DEL-02-04::L-009,DEL-02-04,PKG-002,L-009,05-STEEL,PKG-002,DEL-02-04,Structural steel - primary framing (W-shapes and HSS; fabricated and erected),42000,kg,6.50,273000,CAD,RATE_TABLE,Structural_Concrete_Rates.csv > SC-08; qty per ASM-13,MED,~25 kg/m2 of footprint x 1672 m2 = ~42000 kg primary steel,EST_DEL-02-04_2026-02-18_1130
DEL-02-04::L-010,DEL-02-04,PKG-002,L-010,05-STEEL,PKG-002,DEL-02-04,Open-web steel joists (roof framing; supplied and erected),1672,m2,52,86944,CAD,RATE_TABLE,Structural_Concrete_Rates.csv > SC-10; qty = building footprint area,MED,Clear-span OWSJ for roof over full footprint,EST_DEL-02-04_2026-02-18_1130
DEL-02-04::L-011,DEL-02-04,PKG-002,L-011,05-STEEL,PKG-002,DEL-02-04,Metal roof deck (supplied and installed),1672,m2,42,70224,CAD,RATE_TABLE,Structural_Concrete_Rates.csv > SC-11; qty = building footprint area,MED,22 ga or 20 ga deck over full footprint,EST_DEL-02-04_2026-02-18_1130
DEL-02-04::L-012,DEL-02-04,PKG-002,L-012,05-STEEL,PKG-002,DEL-02-04,Structural steel - miscellaneous (stairs/handrails/platforms),3500,kg,9.00,31500,CAD,RATE_TABLE,Structural_Concrete_Rates.csv > SC-09; qty per ASM-14,MED,Stairs; mezzanine platforms if any; handrails; embed plates; lintels,EST_DEL-02-04_2026-02-18_1130
DEL-02-04::L-013,DEL-02-04,PKG-002,L-013,07-ENVELOPE,PKG-002,DEL-02-04,Insulated metal wall panels (R-20; factory-assembled),730,m2,185,135050,CAD,RATE_TABLE,Building_Envelope_Rates.csv > BE-01; qty per ASM-15,MED,Upper wall cladding above masonry base; net of glazing and OH door openings,EST_DEL-02-04_2026-02-18_1130
DEL-02-04::L-014,DEL-02-04,PKG-002,L-014,07-ENVELOPE,PKG-002,DEL-02-04,Concrete masonry unit - 200mm reinforced grouted (base course),200,m2,175,35000,CAD,RATE_TABLE,Building_Envelope_Rates.csv > BE-03; qty per ASM-16,MED,Impact-resistant base course ~1.2m high around perimeter (165 lm x 1.2m),EST_DEL-02-04_2026-02-18_1130
DEL-02-04::L-015,DEL-02-04,PKG-002,L-015,07-ENVELOPE,PKG-002,DEL-02-04,Insulated metal roof panels (R-30; factory-assembled; solar-ready),1672,m2,210,351120,CAD,RATE_TABLE,Building_Envelope_Rates.csv > BE-04; qty = building footprint area,MED,Standing seam or through-fastened; includes vapour barrier; structural capacity for future solar loading,EST_DEL-02-04_2026-02-18_1130
DEL-02-04::L-016,DEL-02-04,PKG-002,L-016,07-ENVELOPE,PKG-002,DEL-02-04,Air/vapour barrier (self-adhered membrane - walls),730,m2,18,13140,CAD,RATE_TABLE,Building_Envelope_Rates.csv > BE-08; qty = net wall panel area,MED,Continuous air barrier at wall panels; lapped and sealed at penetrations,EST_DEL-02-04_2026-02-18_1130
DEL-02-04::L-017,DEL-02-04,PKG-002,L-017,07-ENVELOPE,PKG-002,DEL-02-04,Metal flashing and trim (pre-finished; all locations),380,lm,32,12160,CAD,RATE_TABLE,Building_Envelope_Rates.csv > BE-15; qty per ASM-17,MED,Corners; drip edges; window heads/sills; parapet cap; base flashing,EST_DEL-02-04_2026-02-18_1130
DEL-02-04::L-018,DEL-02-04,PKG-002,L-018,07-ENVELOPE,PKG-002,DEL-02-04,Perimeter sealant (all openings and joints),520,lm,16,8320,CAD,RATE_TABLE,Building_Envelope_Rates.csv > BE-14; qty per ASM-18,MED,All window/door/penetration perimeters; panel joints,EST_DEL-02-04_2026-02-18_1130
DEL-02-04::L-019,DEL-02-04,PKG-002,L-019,08-OPENINGS,PKG-002,DEL-02-04,Overhead doors (16x16 ft; motorized; insulated; car-wash grade; with windows),8,each,20000,160000,CAD,RATE_TABLE,Equipment_Pricing.csv > EQ-01; qty per PP-13,MED,4 fire apparatus bays + 4 PW shop bays; car-wash grade hardware,EST_DEL-02-04_2026-02-18_1130
DEL-02-04::L-020,DEL-02-04,PKG-002,L-020,08-OPENINGS,PKG-002,DEL-02-04,Commercial glazing (double-pane; thermally broken aluminum frame),54,m2,650,35100,CAD,RATE_TABLE,Building_Envelope_Rates.csv > BE-09; qty per ASM-19,MED,~5% of gross wall area for windows; fixed and operable mix,EST_DEL-02-04_2026-02-18_1130
DEL-02-04::L-021,DEL-02-04,PKG-002,L-021,08-OPENINGS,PKG-002,DEL-02-04,Storefront entrance (double door; aluminum frame; glazed),2,each,8000,16000,CAD,RATE_TABLE,Building_Envelope_Rates.csv > BE-10; qty per ASM-20,MED,Main public entry + secondary entry; standard operators (no auto-operator),EST_DEL-02-04_2026-02-18_1130
DEL-02-04::L-022,DEL-02-04,PKG-002,L-022,08-OPENINGS,PKG-002,DEL-02-04,Hollow metal door and frame - single (commercial),12,each,1800,21600,CAD,RATE_TABLE,Building_Envelope_Rates.csv > BE-11; qty per ASM-21,MED,Person doors at bays and service exits; count per code egress requirements (ASM),EST_DEL-02-04_2026-02-18_1130
DEL-02-04::L-023,DEL-02-04,PKG-002,L-023,08-OPENINGS,PKG-002,DEL-02-04,Hollow metal door and frame - double (commercial),2,each,3400,6800,CAD,RATE_TABLE,Building_Envelope_Rates.csv > BE-12; qty per ASM-22,MED,Double doors at main corridor/bay transitions,EST_DEL-02-04_2026-02-18_1130
DEL-02-04::L-024,DEL-02-04,PKG-002,L-024,08-OPENINGS,PKG-002,DEL-02-04,Door hardware set (commercial; per opening),16,each,600,9600,CAD,RATE_TABLE,Building_Envelope_Rates.csv > BE-13; qty = 12 single + 2 double + 2 storefront,MED,Lever handle + closer + hinges + weatherstrip; keyed,EST_DEL-02-04_2026-02-18_1130
DEL-02-04::L-025,DEL-02-04,PKG-002,L-025,09-FLOORING,PKG-002,DEL-02-04,Sealed concrete floor (densifier + sealer) - bay areas,1115,m2,35,39025,CAD,RATE_TABLE,Interior_Architectural_Rates.csv > IA-08; qty per ASM-03,MED,Densifier + sealer applied to 200mm reinforced bay slab,EST_DEL-02-04_2026-02-18_1130
DEL-02-04::L-026,DEL-02-04,PKG-002,L-026,09-FLOORING,PKG-002,DEL-02-04,Sealed concrete floor (densifier + sealer) - office/shared areas,557,m2,35,19495,CAD,RATE_TABLE,Interior_Architectural_Rates.csv > IA-08; qty per ASM-04,MED,Sealed concrete acceptable/desired per Addendum 03 and SOW-0217,EST_DEL-02-04_2026-02-18_1130
DEL-02-04::L-027,DEL-02-04,PKG-002,L-027,31-EARTHWORK,PKG-002,DEL-02-04,Sump rough-in blockouts in structural slab (8 locations),8,each,750,6000,CAD,RATE_TABLE,Assumptions_Log.md > ASM-23; informed by MS-10 reference,LOW,Formwork + blockout + sleeve for sump opening embedded in 200mm slab; assembly/plumbing by DEL-02-05,EST_DEL-02-04_2026-02-18_1130
DEL-02-04::L-028,DEL-02-04,PKG-002,L-028,50-DESIGN,PKG-002,DEL-02-04,Structural engineering design fees (2.5% of structural construction cost),1,LS,20801,20801,CAD,RATE_TABLE,Professional_Design_Fees.csv > DF-03; base per DEC-02,MED,2.5% of CBS 03-CONCRETE + 05-STEEL subtotal ($832058); concept through shop drawing review,EST_DEL-02-04_2026-02-18_1130
DEL-02-05::L-01,DEL-02-05,PKG-002,L-01,23-HVAC,PKG-002,DEL-02-05,HVAC system - institutional/shared areas (complete; RTUs/AHUs; ductwork; controls; diffusers),5200,sf,32,166400,CAD,RATE_TABLE,Mechanical_System_Rates.csv MS-01 (RecommendedRate $32/sf); PP-05 area zone split per ASM-01,MED,Heated and cooled office/admin/kitchen/locker areas,EST_DEL-02-05_2026-02-18_1400
DEL-02-05::L-02,DEL-02-05,PKG-002,L-02,23-HVAC,PKG-002,DEL-02-05,HVAC system - apparatus bays (heated only; radiant or unit heaters),6400,sf,21,134400,CAD,RATE_TABLE,Mechanical_System_Rates.csv MS-02 (RecommendedRate $21/sf); PP-05 area zone split per ASM-01,MED,Simpler distribution; no cooling; 4 fire apparatus bays,EST_DEL-02-05_2026-02-18_1400
DEL-02-05::L-03,DEL-02-05,PKG-002,L-03,23-HVAC,PKG-002,DEL-02-05,HVAC system - PW shop bays (heated only; radiant or unit heaters),6400,sf,21,134400,CAD,RATE_TABLE,Mechanical_System_Rates.csv MS-02 (RecommendedRate $21/sf); PP-05 area zone split per ASM-01,MED,Simpler distribution; no cooling; 4 PW shop bays,EST_DEL-02-05_2026-02-18_1400
DEL-02-05::L-04,DEL-02-05,PKG-002,L-04,23-PLMB,PKG-002,DEL-02-05,Plumbing system - institutional/shared areas (complete; fixtures; piping; water heater; drain/vent),5200,sf,14,72800,CAD,RATE_TABLE,Mechanical_System_Rates.csv MS-03 (RecommendedRate $14/sf); PP-05 area zone split per ASM-01,MED,Washrooms; kitchen; showers; laundry rough-in,EST_DEL-02-05_2026-02-18_1400
DEL-02-05::L-05,DEL-02-05,PKG-002,L-05,23-PLMB,PKG-002,DEL-02-05,Plumbing system - apparatus/shop bays (minimal fixtures; hose bibs),12800,sf,6,76800,CAD,RATE_TABLE,Mechanical_System_Rates.csv MS-04 (RecommendedRate $6/sf); combined bay area 6400+6400,MED,Bay sumps priced separately; this covers hose bibs and basic piping,EST_DEL-02-05_2026-02-18_1400
DEL-02-05::L-06,DEL-02-05,PKG-002,L-06,23-EXHS,PKG-002,DEL-02-05,Vehicle exhaust extraction system - apparatus bays (source-capture; per bay),4,each,25000,100000,CAD,RATE_TABLE,Mechanical_System_Rates.csv MS-06 (RecommendedRate $25000/bay); PP-11 qty=4,MED,Hose reel + overhead track + fan + duct to exterior; 2 apparatus per bay,EST_DEL-02-05_2026-02-18_1400
DEL-02-05::L-07,DEL-02-05,PKG-002,L-07,23-EXHS,PKG-002,DEL-02-05,Shop bay ventilation system - PW bays (supply + exhaust; per bay),4,each,11000,44000,CAD,RATE_TABLE,Mechanical_System_Rates.csv MS-07 (RecommendedRate $11000/bay); PP-12 qty=4,MED,Combined supply + exhaust; occasional idling and welding ventilation,EST_DEL-02-05_2026-02-18_1400
DEL-02-05::L-08,DEL-02-05,PKG-002,L-08,23-EQUP,PKG-002,DEL-02-05,Water fill station (2-inch; installed; with backflow preventer),2,each,3500,7000,CAD,RATE_TABLE,Mechanical_System_Rates.csv MS-09 (RecommendedRate $3500/each); PP-17 qty=2,MED,1 fire apparatus bay + 1 PW bay; per SOW-0223,EST_DEL-02-05_2026-02-18_1400
DEL-02-05::L-09,DEL-02-05,PKG-002,L-09,23-EQUP,PKG-002,DEL-02-05,Bay sump assembly (oil/water separator type; installed with plumbing connection),8,each,4500,36000,CAD,RATE_TABLE,Mechanical_System_Rates.csv MS-10 (RecommendedRate $4500/each); PP-18 qty=8,MED,4 fire bays + 4 PW bays; assembly + plumbing connection; slab rough-in excluded (DEL-02-04),EST_DEL-02-05_2026-02-18_1400
DEL-02-05::L-10,DEL-02-05,PKG-002,L-10,23-EQUP,PKG-002,DEL-02-05,Domestic hot water heater (commercial; gas-fired; 75-100 gal),1,each,6000,6000,CAD,RATE_TABLE,Mechanical_System_Rates.csv MS-11 (RecommendedRate $6000/each),MED,Institutional duty; serves washrooms/showers/kitchen,EST_DEL-02-05_2026-02-18_1400
DEL-02-05::L-11,DEL-02-05,PKG-002,L-11,23-CTRL,PKG-002,DEL-02-05,Building automation system (BAS; DDC controls; sensors; programming),18000,sf,4,72000,CAD,RATE_TABLE,Mechanical_System_Rates.csv MS-12 (RecommendedRate $4/sf); PP-05 full building area,MED,DDC controls; sensors; programming; commissioning,EST_DEL-02-05_2026-02-18_1400
DEL-02-05::L-12,DEL-02-05,PKG-002,L-12,23-FPRT,PKG-002,DEL-02-05,Fire protection - wet sprinkler system (institutional; if required by AHJ),18000,sf,6,108000,CAD,RATE_TABLE,Mechanical_System_Rates.csv MS-05 (RecommendedRate $6/sf); PP-05 full building area,LOW,Conditional on AHJ requirement; may not be required for this occupancy classification,EST_DEL-02-05_2026-02-18_1400
DEL-02-05::L-13,DEL-02-05,PKG-002,L-13,23-PLMB,PKG-002,DEL-02-05,Kitchen/laundry plumbing rough-in (stubs to fixture locations),1,LS,8000,8000,CAD,RATE_TABLE,Construction_Labour_Rates.csv T-05 ($82/hr x ~100 hrs); ASM-05,MED,Rough-in stubs only; appliance connection by DEL-05-06 if elected,EST_DEL-02-05_2026-02-18_1400
DEL-02-05::L-14,DEL-02-05,PKG-002,L-14,23-PLMB,PKG-002,DEL-02-05,Base building mechanical rough-in to wash bay location,1,LS,6000,6000,CAD,RATE_TABLE,Construction_Labour_Rates.csv T-05 ($82/hr x ~73 hrs); ASM-06,MED,Hot/cold water + drain stub to wash bay location; dedicated equipment by DEL-05-01,EST_DEL-02-05_2026-02-18_1400
DEL-02-05::L-15,DEL-02-05,PKG-002,L-15,23-MECH-DESIGN,PKG-002,DEL-02-05,Mechanical engineering design fees (HVAC + plumbing + fire protection),1,LS,24295,24295,CAD,RATE_TABLE,Professional_Design_Fees.csv DF-04 (2.5% of mechanical construction cost); DEC-03,MED,2.5% of L-01 through L-14 subtotal ($971800); applied to this deliverable per brief cost ownership,EST_DEL-02-05_2026-02-18_1400
DEL-02-05::L-16,DEL-02-05,PKG-002,L-16,23-COMM,PKG-002,DEL-02-05,System-specific commissioning labour (mechanical balancing; TAB; functional testing),1,LS,18000,18000,CAD,RATE_TABLE,Construction_Labour_Rates.csv T-05/T-06 blended ($80/hr x ~225 hrs); ASM-07,MED,Testing air balancing and hydronic balancing; functional performance testing; per brief cost ownership,EST_DEL-02-05_2026-02-18_1400
DEL-02-06::L-0601,DEL-02-06,PKG-002,L-0601,26-00,PKG-002,DEL-02-06,Electrical power distribution - institutional/office/shared areas (service entrance to panels to branch circuits to receptacles),5200,sf,21,109200,CAD,RATE_TABLE,Electrical_System_Rates.csv:ES-01 + Assumed_Project_Parameters.csv:PP-05 + ASM-001,MED,Institutional areas = 18000 sf total - 12800 sf bay area per ASM-001,EST_DEL-02-06_2026-02-18_1500
DEL-02-06::L-0602,DEL-02-06,PKG-002,L-0602,26-00,PKG-002,DEL-02-06,Electrical power distribution - apparatus/shop bay areas (heavier circuits; welding receptacles; 3-phase),12800,sf,14,179200,CAD,RATE_TABLE,Electrical_System_Rates.csv:ES-02 + Assumed_Project_Parameters.csv:PP-05 + ASM-001,MED,Bay areas = 8 bays x ~1600 sf per ASM-001; includes compressed air electrical feed per cost ownership rules,EST_DEL-02-06_2026-02-18_1500
DEL-02-06::L-0603,DEL-02-06,PKG-002,L-0603,26-50,PKG-002,DEL-02-06,LED lighting system - institutional/office/shared areas (IES-compliant; fixtures; controls; dimming),5200,sf,10,52000,CAD,RATE_TABLE,Electrical_System_Rates.csv:ES-03 + ASM-001,MED,IES-compliant per SOW-0228,EST_DEL-02-06_2026-02-18_1500
DEL-02-06::L-0604,DEL-02-06,PKG-002,L-0604,26-50,PKG-002,DEL-02-06,LED lighting - apparatus/shop bays (high-bay LED; instant-on for emergency response),12800,sf,6,76800,CAD,RATE_TABLE,Electrical_System_Rates.csv:ES-04 + ASM-001,MED,High-bay fixtures per SOW-0228,EST_DEL-02-06_2026-02-18_1500
DEL-02-06::L-0605,DEL-02-06,PKG-002,L-0605,27-00,PKG-002,DEL-02-06,IT/telecom data drops (Cat 6A cable; termination; patch panel port; tested),45,each,850,38250,CAD,RATE_TABLE,Electrical_System_Rates.csv:ES-06 + Assumed_Project_Parameters.csv:PP-27,MED,45 drops per PP-27; includes 15 meeting room EM workstations per SOW-0208,EST_DEL-02-06_2026-02-18_1500
DEL-02-06::L-0606,DEL-02-06,PKG-002,L-0606,27-00,PKG-002,DEL-02-06,IT backbone infrastructure (fibre + MDF/IDF rooms; racks; UPS),1,LS,32000,32000,CAD,RATE_TABLE,Electrical_System_Rates.csv:ES-07,MED,Main + intermediate distribution frames; provides infrastructure that access control connects to,EST_DEL-02-06_2026-02-18_1500
DEL-02-06::L-0607,DEL-02-06,PKG-002,L-0607,27-50,PKG-002,DEL-02-06,PA/paging system - building-wide (amplifier; speakers; zone control; microphone stations),1,LS,20000,20000,CAD,RATE_TABLE,Electrical_System_Rates.csv:ES-09,MED,Simple PA per SOW-0226; rate cross-referenced with Equipment_Pricing.csv:EQ-12,EST_DEL-02-06_2026-02-18_1500
DEL-02-06::L-0608,DEL-02-06,PKG-002,L-0608,27-00,PKG-002,DEL-02-06,Apparatus bay display systems (55-inch commercial display + mount + power + data; 4 bays),4,each,2500,10000,CAD,RATE_TABLE,Electrical_System_Rates.csv:ES-10 + Equipment_Pricing.csv:EQ-11,MED,Emergency info display per SOW-0225; 4 fire apparatus bays,EST_DEL-02-06_2026-02-18_1500
DEL-02-06::L-0609,DEL-02-06,PKG-002,L-0609,26-50,PKG-002,DEL-02-06,Emergency lighting system (battery units; exit signs; egress lighting; per code),18000,sf,2.50,45000,CAD,RATE_TABLE,Electrical_System_Rates.csv:ES-11,MED,Full building area per PP-05; per SOW-0228 code requirement,EST_DEL-02-06_2026-02-18_1500
DEL-02-06::L-0610,DEL-02-06,PKG-002,L-0610,26-10,PKG-002,DEL-02-06,Solar-ready electrical provisions (conduit run; reserved panel space; labelled disconnect; no PV panels),1,LS,12000,12000,CAD,RATE_TABLE,Electrical_System_Rates.csv:ES-13,MED,Solar-capable roof per SOW-0221; electrical provisions only,EST_DEL-02-06_2026-02-18_1500
DEL-02-06::L-0611,DEL-02-06,PKG-002,L-0611,26-00,PKG-002,DEL-02-06,Electrical service entrance (600A; 347/600V 3-phase; switchboard; metering),1,LS,45000,45000,CAD,RATE_TABLE,Electrical_System_Rates.csv:ES-14,MED,Service entrance up to generator transfer point per cost ownership rules; excludes ATS/generator (DEL-02-07),EST_DEL-02-06_2026-02-18_1500
DEL-02-06::L-0612,DEL-02-06,PKG-002,L-0612,26-80,PKG-002,DEL-02-06,System-specific commissioning labor - electrical/lighting/IT/PA testing and verification,100,hr,80,8000,CAD,RATE_TABLE,Construction_Labour_Rates.csv:T-07 + ASM-002,MED,100 hours estimated per ASM-002; T-07 Electrician fully-burdened rate; does not include DEL-01-07 general commissioning coordination,EST_DEL-02-06_2026-02-18_1500
DEL-02-06::L-0613,DEL-02-06,PKG-002,L-0613,26-90,PKG-002,DEL-02-06,Electrical engineering design fees (power + lighting + IT/telecom + fire alarm design),1,LS,15486,15486,CAD,RATE_TABLE,Professional_Design_Fees.csv:DF-05,MED,2.5% of electrical construction subtotal ($619450); per DF-05 recommended percentage,EST_DEL-02-06_2026-02-18_1500
DEL-02-07::L-0207-010,DEL-02-07,PKG-002,L-0207-010,26-EMRG-GEN,PKG-002,DEL-02-07,Diesel generator system (100-150 kW complete: genset + ATS + fuel tank 72-hr + concrete pad + exhaust system + sound attenuation + commissioning),1,LS,150000,150000,CAD,ALLOWANCE,Equipment_Pricing.csv / EQ-04 (RecommendedPrice=$150000; Range=$120k-$180k),LOW,No vendor quote; ALLOWANCE fallback from parametric source. EQ-05 ATS ($12k) noted as included in EQ-04 system price. Requires vendor quote replacement.,EST_DEL-02-07_2026-02-18_1600
DEL-02-07::L-0207-020,DEL-02-07,PKG-002,L-0207-020,26-EMRG-DIST,PKG-002,DEL-02-07,Emergency power distribution from generator to essential loads (sub-panel + wiring + breakers for kitchen + meeting/command room + 2 bathrooms + emergency lighting),1,LS,18000,18000,CAD,ALLOWANCE,Decision_Log.md / DEC-EST-003; Assumptions_Log.md / ASM-005,LOW,Estimated as ~12% of generator system cost. No quote available. Covers dedicated sub-panel and branch circuits to essential loads only. Normal building distribution is DEL-02-06.,EST_DEL-02-07_2026-02-18_1600
DEL-02-07::L-0207-030,DEL-02-07,PKG-002,L-0207-030,26-EMRG-DOOR,PKG-002,DEL-02-07,Overhead door backup power mechanism integration (8 bay doors — battery backup motor or UPS for door openers),1,LS,16000,16000,CAD,ALLOWANCE,Decision_Log.md / DEC-EST-004; Assumptions_Log.md / ASM-006,LOW,8 doors x $2000/door assumed. Could be battery backup units or generator-fed circuits per door. Mechanism type TBD pending design. Cost ownership confirmed: DEL-02-07 owns backup mechanism; DEL-02-04 owns doors.,EST_DEL-02-07_2026-02-18_1600
DEL-02-07::L-0207-040,DEL-02-07,PKG-002,L-0207-040,26-EMRG-GEN,PKG-002,DEL-02-07,Generator installation labour (electrician + millwright + crane operator for equipment setting),1,LS,12000,12000,CAD,ALLOWANCE,Construction_Labour_Rates.csv / T-07 ($80/hr) + T-13 ($80/hr) + T-14 ($86/hr); Assumptions_Log.md / ASM-007,LOW,Estimated: Electrician 60 hrs ($4800) + Millwright 40 hrs ($3200) + Crane 2 days ($3440) + misc ($560). Actual labour included partially in EQ-04 system price; this line captures incremental site-specific installation scope.,EST_DEL-02-07_2026-02-18_1600
DEL-02-07::L-0207-050,DEL-02-07,PKG-002,L-0207-050,26-EMRG-DES,PKG-002,DEL-02-07,Electrical engineering design fees — generator sizing + specification + essential loads analysis,1,LS,5000,5000,CAD,ALLOWANCE,Professional_Design_Fees.csv / DF-05 (2.5% of electrical construction); Assumptions_Log.md / ASM-008,LOW,Generator-specific design portion only. DF-05 basis = 2.5% of DEL-02-07 construction cost (~$196k) = ~$4900 rounded to $5000. Full building electrical design is in DEL-02-06.,EST_DEL-02-07_2026-02-18_1600
DEL-03-01::L-001,DEL-03-01,PKG-003,L-001,03-DESIGN,PKG-003,DEL-03-01,Civil engineering design fees — DEL-03-01 share (site plan / circulation / parking layout design),1,LS,13500,13500,CAD,RATE_TABLE,Professional_Design_Fees.csv DF-02 + Assumed_Project_Parameters.csv PP-23; apportionment per ASM-001,LOW,"DF-02 rate: 2.5% of site/civil construction cost ($1,800,000 PP-23) = $45,000 total civil design fee. DEL-03-01 apportioned at 30% = $13,500. See ASM-001 for apportionment basis. PP-23 is LOW confidence.",EST_DEL-03-01_2026-02-18_1900
DEL-03-01::L-002,DEL-03-01,PKG-003,L-002,03-SURVEY,PKG-003,DEL-03-01,Construction survey and staking — initial site layout (DEL-03-01 share),1,LS,5000,5000,CAD,RATE_TABLE,Earthwork_Civil_Rates.csv EC-11; apportionment per ASM-002,MED,"EC-11 full site survey = $12,000 LS. DEL-03-01 share (initial layout/staking) apportioned at ~42% = $5,000. Remaining survey effort (progress + as-built) belongs to DEL-01-07 / other deliverables. See ASM-002.",EST_DEL-03-01_2026-02-18_1900
DEL-03-02::L-001,DEL-03-02,PKG-003,L-001,03-02-CLR,PKG-003,DEL-03-02,Site clearing and grubbing — developed area (~4.5 acres per PP-10),4.5,acre,4200,18900,CAD,RATE_TABLE,Earthwork_Civil_Rates.csv EC-01; Assumed_Project_Parameters.csv PP-10,MED,Brush/tree removal and grubbing across developed footprint; moderate vegetation assumed per EC-01 notes,EST_DEL-03-02_2026-02-18_1130
DEL-03-02::L-002,DEL-03-02,PKG-003,L-002,03-02-CLR,PKG-003,DEL-03-02,Topsoil stripping and stockpiling — developed area (18211 m2 x 0.072 m avg depth = 1311 m3),1311,m3,10,13110,CAD,RATE_TABLE,Earthwork_Civil_Rates.csv EC-02; Datasheet.md topsoil avg 72 mm; PP-10 4.5 ac = 18211 m2,MED,72 mm avg topsoil per Geotech Report 4.1.3; stockpiled on-site for reuse per EC-02,EST_DEL-03-02_2026-02-18_1130
DEL-03-02::L-003,DEL-03-02,PKG-003,L-003,03-02-EW,PKG-003,DEL-03-02,Common excavation (cut to subgrade) — assumed 3000 m3 net cut,3000,m3,15,45000,CAD,RATE_TABLE,Earthwork_Civil_Rates.csv EC-03; ASM-001,LOW,Cut quantity TBD per Datasheet item B-001; 3000 m3 is assumption based on generally flat site with minor grade adjustments; see ASM-001,EST_DEL-03-02_2026-02-18_1130
DEL-03-02::L-004,DEL-03-02,PKG-003,L-004,03-02-EW,PKG-003,DEL-03-02,Engineered fill (imported granular; placed and compacted) — assumed 2000 m3 net import,2000,m3,30,60000,CAD,RATE_TABLE,Earthwork_Civil_Rates.csv EC-04; ASM-002,LOW,Fill quantity TBD per Datasheet item B-001; 2000 m3 assumes partial import for building pads and grade correction; see ASM-002,EST_DEL-03-02_2026-02-18_1130
DEL-03-02::L-005,DEL-03-02,PKG-003,L-005,03-02-EW,PKG-003,DEL-03-02,Building pad preparation — main PSB (18000 sf = 1672 m2; 300-450 mm granular base),1672,m2,22,36784,CAD,RATE_TABLE,Earthwork_Civil_Rates.csv EC-05; PP-05 18000 sf,MED,Main building footprint 18000 sf per PP-05; granular base compacted and proof-rolled per Geotech Report 5.1.1,EST_DEL-03-02_2026-02-18_1130
DEL-03-02::L-006,DEL-03-02,PKG-003,L-006,03-02-EW,PKG-003,DEL-03-02,Building pad preparation — cold storage (6000 sf = 557 m2; 300-450 mm granular base),557,m2,22,12254,CAD,RATE_TABLE,Earthwork_Civil_Rates.csv EC-05; PP-07 6000 sf,MED,Cold storage footprint 6000 sf (60x100) per PP-07/DEC-001; foundation type TBD by DB but pad prep is DEL-03-02 scope per brief,EST_DEL-03-02_2026-02-18_1130
DEL-03-02::L-007,DEL-03-02,PKG-003,L-007,03-02-EW,PKG-003,DEL-03-02,Subgrade compaction (in-situ soils) — building pad areas + access routes (est. 4000 m3),4000,m3,6,24000,CAD,RATE_TABLE,Earthwork_Civil_Rates.csv EC-06; ASM-003,MED,Proof-rolling and nuclear density testing across building pads and primary access routes; see ASM-003,EST_DEL-03-02_2026-02-18_1130
DEL-03-02::L-008,DEL-03-02,PKG-003,L-008,03-02-ESC,PKG-003,DEL-03-02,Erosion and sediment control — construction phase (lump sum),1,LS,22000,22000,CAD,RATE_TABLE,Earthwork_Civil_Rates.csv EC-07,MED,Silt fence; sediment trap; inlet protection; maintenance; per Alberta ESC guidelines,EST_DEL-03-02_2026-02-18_1130
DEL-03-02::L-009,DEL-03-02,PKG-003,L-009,03-02-DRN,PKG-003,DEL-03-02,Surface drainage swales — estimated 400 lm across site,400,lm,55,22000,CAD,RATE_TABLE,Earthwork_Civil_Rates.csv EC-08; ASM-004,LOW,Graded swale with rip-rap at outlets; no storm sewer; overland drainage per OSR 11.2; length is assumption; see ASM-004,EST_DEL-03-02_2026-02-18_1130
DEL-03-02::L-010,DEL-03-02,PKG-003,L-010,03-02-DRN,PKG-003,DEL-03-02,Stormwater retention pond — earthwork excavation (est. 2500 m3),2500,m3,15,37500,CAD,RATE_TABLE,Earthwork_Civil_Rates.csv EC-03 (excavation rate applied to pond); ASM-005,LOW,Pond shown on TPN46 Sheets C2-C4; volume is assumption — sizing criteria TBD per REQ-3212/item F-001; see ASM-005,EST_DEL-03-02_2026-02-18_1130
DEL-03-02::L-011,DEL-03-02,PKG-003,L-011,03-02-DRN,PKG-003,DEL-03-02,Stormwater retention pond — outlet control and protection (lump sum),1,LS,15000,15000,CAD,RATE_TABLE,ASM-006; Earthwork_Civil_Rates.csv EC-08 extrapolated,LOW,Outlet structure + rip-rap energy dissipation; no explicit rate in sources; priced via extrapolation from EC-08 drainage rates; see ASM-006,EST_DEL-03-02_2026-02-18_1130
DEL-03-02::L-012,DEL-03-02,PKG-003,L-012,03-02-FIN,PKG-003,DEL-03-02,Topsoil replacement and seeding (final grading) — disturbed areas (est. 10000 m2),10000,m2,11,110000,CAD,RATE_TABLE,Earthwork_Civil_Rates.csv EC-09; ASM-008,MED,150 mm topsoil + hydroseed on disturbed unpaved areas; area is net of building footprints and paved areas; see ASM-008,EST_DEL-03-02_2026-02-18_1130
DEL-03-02::L-013,DEL-03-02,PKG-003,L-013,03-02-SRV,PKG-003,DEL-03-02,Construction survey and staking (full site development),1,LS,12000,12000,CAD,RATE_TABLE,Earthwork_Civil_Rates.csv EC-11,MED,Initial layout; progress surveys; as-built; for earthworks and grading scope,EST_DEL-03-02_2026-02-18_1130
DEL-03-02::L-014,DEL-03-02,PKG-003,L-014,03-02-GEO,PKG-003,DEL-03-02,Geotechnical services — compaction testing and subgrade certification,1,LS,32000,32000,CAD,RATE_TABLE,Earthwork_Civil_Rates.csv EC-10; REQ-3214,MED,Geotech oversight during earthworks; compaction testing per REQ-3207 (1 test/lift/500 m2); subgrade certification per REQ-3214; EC-10 rate used as proxy,EST_DEL-03-02_2026-02-18_1130
DEL-03-02::L-015,DEL-03-02,PKG-003,L-015,03-02-DSN,PKG-003,DEL-03-02,Civil engineering design fees — earthworks and drainage scope (2.5% of construction subtotal),1,LS,11514,11514,CAD,RATE_TABLE,Professional_Design_Fees.csv DF-02 (2.5% recommended); ASM-009,MED,Fee base = sum of L-001 through L-014 ($460548); 2.5% = $11514; see ASM-009,EST_DEL-03-02_2026-02-18_1130
DEL-03-03::L-001,DEL-03-03,PKG-003,L-001,03.03.ASP-HD,PKG-003,DEL-03-03,Heavy duty asphalt — fire apparatus routing (Zone A); 150mm HMA on 300mm granular; includes geogrid and geofabric,2000,m2,92,184000,CAD,RATE_TABLE,Paving_Surfacing_Rates.csv PS-01; Qty per Assumed_Project_Parameters.csv PP-10 (0.5 ac fire routes) + ASM-003,MED,Rate includes base prep per PS-01 notes. Area assumes ~0.5 ac per PP-10 converted to m2 and rounded.,EST_DEL-03-03_2026-02-18_1200
DEL-03-03::L-002,DEL-03-03,PKG-003,L-002,03.03.ASP-LD,PKG-003,DEL-03-03,Light duty asphalt — parking near main structure (Zone B); 75mm HMA on 200mm granular; includes geofabric,3200,m2,60,192000,CAD,RATE_TABLE,Paving_Surfacing_Rates.csv PS-02; Qty per Assumed_Project_Parameters.csv PP-10 (0.8 ac parking) + PP-19 (40 stalls) + ASM-004,MED,Rate includes base prep per PS-02 notes. Area from PP-10 ~0.8 ac = ~3237 m2 rounded to 3200.,EST_DEL-03-03_2026-02-18_1200
DEL-03-03::L-003,DEL-03-03,PKG-003,L-003,03.03.AGG,PKG-003,DEL-03-03,Aggregate surfacing — heavy equipment yard areas (Zone C); 150mm crushed gravel compacted per layer,6000,m2,30,180000,CAD,RATE_TABLE,Paving_Surfacing_Rates.csv PS-03; Qty per Assumed_Project_Parameters.csv PP-10 (1.5 ac yard/storage) + ASM-005,MED,PS-03 rate covers 150mm. Spec REQ-03-03-05 anticipates 300mm minimum. See L-004 for second lift.,EST_DEL-03-03_2026-02-18_1200
DEL-03-03::L-004,DEL-03-03,PKG-003,L-004,03.03.AGG,PKG-003,DEL-03-03,Aggregate surfacing — second 150mm lift for 300mm total depth (Zone C),6000,m2,30,180000,CAD,RATE_TABLE,Paving_Surfacing_Rates.csv PS-03; ASM-006 (300mm minimum per Spec REQ-03-03-05 assumption),MED,Second lift to achieve 300mm minimum anticipated by Specification. Rate same as PS-03.,EST_DEL-03-03_2026-02-18_1200
DEL-03-03::L-005,DEL-03-03,PKG-003,L-005,03.03.CONC,PKG-003,DEL-03-03,Concrete aprons — main building overhead doors (8 doors); 200mm reinforced; sulphate-resistant mix,312,m2,132,41184,CAD,RATE_TABLE,Paving_Surfacing_Rates.csv PS-04; Qty per PP-13 (8 doors) x 4.88m wide x 8m deep + ASM-007,MED,8 doors x 4.88m x 8.0m = 312 m2. Apron depth (8m) is assumed per ASM-007. Dimensions TBD pending PKG-002 architectural.,EST_DEL-03-03_2026-02-18_1200
DEL-03-03::L-006,DEL-03-03,PKG-003,L-006,03.03.CONC,PKG-003,DEL-03-03,Concrete aprons — cold storage overhead doors (2 doors); 200mm reinforced; sulphate-resistant mix,78,m2,132,10296,CAD,RATE_TABLE,Paving_Surfacing_Rates.csv PS-04; Qty per PP-14 (2 doors) x 4.88m wide x 8m deep + ASM-008,MED,2 doors x 4.88m x 8.0m = 78 m2. Dimensions TBD pending PKG-004 architectural.,EST_DEL-03-03_2026-02-18_1200
DEL-03-03::L-007,DEL-03-03,PKG-003,L-007,03.03.CONC,PKG-003,DEL-03-03,Concrete curb and gutter — barrier type; parking area perimeter,250,lm,82,20500,CAD,RATE_TABLE,Paving_Surfacing_Rates.csv PS-05; Qty per ASM-009,MED,Estimated perimeter of parking area. Actual length depends on DEL-03-01 site plan.,EST_DEL-03-03_2026-02-18_1200
DEL-03-03::L-008,DEL-03-03,PKG-003,L-008,03.03.CONC,PKG-003,DEL-03-03,Concrete sidewalk — accessible routes from parking to main entrance; 100mm broom finish,150,m2,75,11250,CAD,RATE_TABLE,Paving_Surfacing_Rates.csv PS-06; Qty per ASM-010,MED,Accessible route from parking to main building entrance. Length/width TBD from site plan.,EST_DEL-03-03_2026-02-18_1200
DEL-03-03::L-009,DEL-03-03,PKG-003,L-009,03.03.MARK,PKG-003,DEL-03-03,Parking lot line painting — stall lines and fire lane markings,450,lm,4,1800,CAD,RATE_TABLE,Paving_Surfacing_Rates.csv PS-07; Qty per ASM-011,MED,40 stalls x ~5.5m line + ~200m fire lane markings. Rounded to 450 lm.,EST_DEL-03-03_2026-02-18_1200
DEL-03-03::L-010,DEL-03-03,PKG-003,L-010,03.03.MARK,PKG-003,DEL-03-03,Accessible parking signage and markings,3,each,450,1350,CAD,RATE_TABLE,Paving_Surfacing_Rates.csv PS-08; Qty per ASM-012,MED,3 accessible stalls assumed per Alberta Building Code for 40-stall lot.,EST_DEL-03-03_2026-02-18_1200
DEL-03-03::L-011,DEL-03-03,PKG-003,L-011,03.03.SITE,PKG-003,DEL-03-03,Steel bollards — concrete-filled; painted; at overhead doors and building corners,12,each,1000,12000,CAD,RATE_TABLE,Paving_Surfacing_Rates.csv PS-09; Qty per ASM-013,MED,Standard practice at overhead doors/corners/fuel areas. Count TBD from site plan.,EST_DEL-03-03_2026-02-18_1200
DEL-03-03::L-012,DEL-03-03,PKG-003,L-012,03.03.ASP-HD,PKG-003,DEL-03-03,Geosynthetics allowance — biaxial geogrid for heavy duty asphalt (Zone A); supplemental to PS-01 rate,2000,m2,8,16000,CAD,RATE_TABLE,ASM-014; rate based on typical geogrid supply+install $6-$10/m2,MED,PS-01 notes say 'includes base prep' but geogrid may not be fully included. Conservative allowance. See ASM-014.,EST_DEL-03-03_2026-02-18_1200
DEL-03-03::L-013,DEL-03-03,PKG-003,L-013,03.03.ASP-LD,PKG-003,DEL-03-03,Geosynthetics allowance — woven geofabric for light duty asphalt (Zone B); supplemental to PS-02 rate,3200,m2,5,16000,CAD,RATE_TABLE,ASM-015; rate based on typical geofabric supply+install $3-$6/m2,MED,PS-02 notes say 'includes base prep' but geofabric may not be fully included. Conservative allowance. See ASM-015.,EST_DEL-03-03_2026-02-18_1200
DEL-03-03::L-014,DEL-03-03,PKG-003,L-014,03.03.AGG,PKG-003,DEL-03-03,Geosynthetics allowance — woven geofabric for aggregate yard (Zone C); separation layer at subgrade,6000,m2,5,30000,CAD,RATE_TABLE,ASM-016; rate based on typical geofabric supply+install $3-$6/m2,MED,Geofabric separation layer between subgrade and aggregate. Not included in PS-03 rate. See ASM-016.,EST_DEL-03-03_2026-02-18_1200
DEL-03-04::L-0304-01,DEL-03-04,PKG-003,L-0304-01,31.40,PKG-003,DEL-03-04,Water main 150mm PVC - municipal stub to Main PSB (120 m),120,lm,200,24000,CAD,RATE_TABLE,Underground_Utility_Rates.csv UU-01; ASM-001,MED,All-inclusive rate: trench/bed/pipe/backfill/compact; 1.5-2.0m depth; Alberta freeze depth,EST_DEL-03-04_2026-02-18_2100
DEL-03-04::L-0304-02,DEL-03-04,PKG-003,L-0304-02,31.40,PKG-003,DEL-03-04,Water main 150mm PVC - branch to Cold Storage Building (40 m),40,lm,200,8000,CAD,RATE_TABLE,Underground_Utility_Rates.csv UU-01; ASM-002; ASM-004,LOW,Cold Storage water service requirement TBD per Datasheet; assumed required,EST_DEL-03-04_2026-02-18_2100
DEL-03-04::L-0304-03,DEL-03-04,PKG-003,L-0304-03,31.40,PKG-003,DEL-03-04,Water service connection to Main PSB (50mm copper/PE),1,each,4500,4500,CAD,RATE_TABLE,Underground_Utility_Rates.csv UU-02,MED,From main to 1.5m outside building; includes curb stop,EST_DEL-03-04_2026-02-18_2100
DEL-03-04::L-0304-04,DEL-03-04,PKG-003,L-0304-04,31.40,PKG-003,DEL-03-04,Water service connection to Cold Storage Building (50mm copper/PE),1,each,4500,4500,CAD,RATE_TABLE,Underground_Utility_Rates.csv UU-02; ASM-004,LOW,Cold Storage water service requirement TBD; assumed required,EST_DEL-03-04_2026-02-18_2100
DEL-03-04::L-0304-05,DEL-03-04,PKG-003,L-0304-05,31.41,PKG-003,DEL-03-04,Sanitary sewer 200mm PVC gravity - municipal stub to Main PSB (120 m),120,lm,225,27000,CAD,RATE_TABLE,Underground_Utility_Rates.csv UU-03; ASM-001,MED,Includes bedding/backfill; manholes pro-rated at 1 per 90m,EST_DEL-03-04_2026-02-18_2100
DEL-03-04::L-0304-06,DEL-03-04,PKG-003,L-0304-06,31.41,PKG-003,DEL-03-04,Sanitary service connection to Main PSB,1,each,4000,4000,CAD,RATE_TABLE,Underground_Utility_Rates.csv UU-04,MED,From main/manhole to 1.5m outside building; includes cleanout,EST_DEL-03-04_2026-02-18_2100
DEL-03-04::L-0304-07,DEL-03-04,PKG-003,L-0304-07,31.42,PKG-003,DEL-03-04,Natural gas service 50mm PE - to Main PSB (120 m),120,lm,140,16800,CAD,RATE_TABLE,Underground_Utility_Rates.csv UU-06; ASM-001; ASM-007,MED,ATCO Gas typically installs to meter; estimate for on-site distribution; Cold Storage unheated - no gas,EST_DEL-03-04_2026-02-18_2100
DEL-03-04::L-0304-08,DEL-03-04,PKG-003,L-0304-08,31.43,PKG-003,DEL-03-04,Power duct bank 2-way concrete-encased - to Main PSB (120 m),120,lm,240,28800,CAD,RATE_TABLE,Underground_Utility_Rates.csv UU-07; ASM-001,MED,From padmount transformer to building,EST_DEL-03-04_2026-02-18_2100
DEL-03-04::L-0304-09,DEL-03-04,PKG-003,L-0304-09,31.43,PKG-003,DEL-03-04,Power duct bank 2-way concrete-encased - branch to Cold Storage (40 m),40,lm,240,9600,CAD,RATE_TABLE,Underground_Utility_Rates.csv UU-07; ASM-002,MED,Electrical service confirmed required for Cold Storage per Datasheet,EST_DEL-03-04_2026-02-18_2100
DEL-03-04::L-0304-10,DEL-03-04,PKG-003,L-0304-10,31.44,PKG-003,DEL-03-04,Telecom conduit 100mm PVC direct-buried - to Main PSB (120 m),120,lm,100,12000,CAD,RATE_TABLE,Underground_Utility_Rates.csv UU-08; ASM-001; ASM-006,MED,Cold Storage telecom not required (ASM-006),EST_DEL-03-04_2026-02-18_2100
DEL-03-04::L-0304-11,DEL-03-04,PKG-003,L-0304-11,31.45,PKG-003,DEL-03-04,Common trench shared utilities 2.0m deep (100 m),100,lm,100,10000,CAD,RATE_TABLE,Underground_Utility_Rates.csv UU-09; ASM-003,MED,Where water/sewer/gas share alignment; per lm of trench,EST_DEL-03-04_2026-02-18_2100
DEL-03-04::L-0304-12,DEL-03-04,PKG-003,L-0304-12,31.49,PKG-003,DEL-03-04,Municipal utility tie-in allowance - all utilities (DEC-004),1,LS,35000,35000,CAD,ALLOWANCE,Underground_Utility_Rates.csv UU-12; DEC-004,LOW,PENDING OWNER CONFIRMATION; combined water+sewer+gas+power+telecom tie-in execution at municipal stubs,EST_DEL-03-04_2026-02-18_2100
DEL-03-04::L-0304-13,DEL-03-04,PKG-003,L-0304-13,31.50,PKG-003,DEL-03-04,Water utility connection fee,1,LS,10000,10000,CAD,ALLOWANCE,Fees_Permits_Insurance.csv FP-11,LOW,Town of Penhold fee schedule TBD; recommended value used,EST_DEL-03-04_2026-02-18_2100
DEL-03-04::L-0304-14,DEL-03-04,PKG-003,L-0304-14,31.50,PKG-003,DEL-03-04,Sewer utility connection fee,1,LS,10000,10000,CAD,ALLOWANCE,Fees_Permits_Insurance.csv FP-12,LOW,Town of Penhold fee schedule TBD; recommended value used,EST_DEL-03-04_2026-02-18_2100
DEL-03-04::L-0304-15,DEL-03-04,PKG-003,L-0304-15,31.50,PKG-003,DEL-03-04,Power service connection fee,1,LS,12000,12000,CAD,ALLOWANCE,Fees_Permits_Insurance.csv FP-13,LOW,ATCO Electric or FortisAlberta; depends on service size,EST_DEL-03-04_2026-02-18_2100
DEL-03-04::L-0304-16,DEL-03-04,PKG-003,L-0304-16,31.50,PKG-003,DEL-03-04,Gas service connection fee,1,LS,5000,5000,CAD,ALLOWANCE,Fees_Permits_Insurance.csv FP-14,LOW,ATCO Gas; depends on service size and distance,EST_DEL-03-04_2026-02-18_2100
DEL-03-04::L-0304-17,DEL-03-04,PKG-003,L-0304-17,31.50,PKG-003,DEL-03-04,Telecom service connection fee,1,LS,2000,2000,CAD,ALLOWANCE,Fees_Permits_Insurance.csv FP-15,LOW,Telus or local provider,EST_DEL-03-04_2026-02-18_2100
DEL-03-04::L-0304-18,DEL-03-04,PKG-003,L-0304-18,31.00,PKG-003,DEL-03-04,Civil engineering design fees - utility routing (2.5% of distribution construction cost),1,LS,3730,3730,CAD,RATE_TABLE,Professional_Design_Fees.csv DF-02; fee base = $149200 distribution subtotal,MED,2.5% recommended rate on distribution line items L-0304-01 through L-0304-11,EST_DEL-03-04_2026-02-18_2100
DEL-03-05::L-01,DEL-03-05,PKG-003,L-01,PROF_SERVICES,PKG-003,DEL-03-05,Environmental consultant fees -- flood hazard assessment + wetland assessment update + AEPA interface + regulatory coordination,1,LS,22000,22000,CAD,RATE_TABLE,Fees_Permits_Insurance.csv FP-17 (RecommendedRate=$22000; range $15000-$30000),MED,Professional assessment; regulatory coordination; AEPA interface. Per FP-17 and DF-07.,EST_DEL-03-05_2026-02-18_2000
DEL-03-05::L-02,DEL-03-05,PKG-003,L-02,REGULATORY_FEES,PKG-003,DEL-03-05,AEPA Water Act application fee -- regulatory application for construction near waterway/wetland,1,LS,5000,5000,CAD,ALLOWANCE,Fees_Permits_Insurance.csv FP-16 (RecommendedRate=$5000; range $3000-$8000),LOW,If required for construction near waterway/wetland. AEPA approval PENDING (DEP-3505-E06). Priced as ALLOWANCE per FALLBACK_POLICY because fee schedule uncertain.,EST_DEL-03-05_2026-02-18_2000
DEL-03-05::L-03,DEL-03-05,PKG-003,L-03,REGULATORY_FEES,PKG-003,DEL-03-05,ABWRET-A wetland replacement fee -- in-lieu fee payable to Government of Alberta upon Water Act approval,1,LS,10770,10770,CAD,RATE_TABLE,Datasheet.md > Wetland/Waterbody Characteristics > ABWRET-A Wetland Replacement Fee ($10769.54 per Wetland Assessment Executive Summary Ghostpine Aug 2021),HIGH,Exact fee calculated in Wetland Assessment: $10769.54. Rounded to $10770 per ROUNDING=DOLLAR. Not payable until Water Act approval issued.,EST_DEL-03-05_2026-02-18_2000
DEL-03-05::L-04,DEL-03-05,PKG-003,L-04,PROF_SERVICES,PKG-003,DEL-03-05,Erosion and sediment control plan preparation -- engineering design + monitoring plan per Alberta ESC guidelines,1,LS,4500,4500,CAD,RATE_TABLE,Fees_Permits_Insurance.csv FP-18 (RecommendedRate=$4500; range $3000-$6000),MED,Engineering design + monitoring plan. Per Alberta ESC guidelines.,EST_DEL-03-05_2026-02-18_2000
DEL-03-05::L-05,DEL-03-05,PKG-003,L-05,REGULATORY_FEES,PKG-003,DEL-03-05,Development permit fee -- flood fringe approval component (Town of Penhold),1,LS,1200,1200,CAD,ALLOWANCE,Fees_Permits_Insurance.csv FP-07 (RecommendedRate=$1200; range $500-$2000),LOW,Application fee for development permit with flood fringe conditions. Penhold fee schedule TBD. Priced as ALLOWANCE per FALLBACK_POLICY.,EST_DEL-03-05_2026-02-18_2000
DEL-04-01::L-0401-01,DEL-04-01,PKG-004,L-0401-01,04.01.SHELL,PKG-004,DEL-04-01,Pre-engineered metal building shell (60x100 ft clear-span; unheated) — includes framing; roof; wall cladding; gutters/downspouts; anchor bolts; erection. Does NOT include foundation; floor; doors; electrical; ventilation.,1,LS,192000,192000,CAD,PARAMETRIC,Parametric_Building_Rates.csv PB-01 RecommendedRate=$32/sf x 6000 sf (PP-07); DEC-001 confirms 60x100=6000 sf,MED,PB-01 shell-only parametric rate ($28-35/sf range; $32 recommended). Cost ownership: shell only per brief. Qty=1 LS per parametric convention.,EST_DEL-04-01_2026-02-18_1200
DEL-04-01::L-0401-02,DEL-04-01,PKG-004,L-0401-02,04.01.DESIGN,PKG-004,DEL-04-01,Design and engineering services — cold storage building design basis and configuration (architectural/structural design for shell),1,LS,10000,10000,CAD,ALLOWANCE,Assumptions_Log.md ASM-003; no explicit design fee source in PRICE_SOURCES,LOW,Allowance for DB design/engineering effort attributable to cold storage shell configuration. FALLBACK_POLICY=ALLOW_ALLOWANCE. Estimated as ~5% of shell construction cost. Qty=1 LS per allowance convention.,EST_DEL-04-01_2026-02-18_1200
DEL-04-02::L-0402-01,DEL-04-02,PKG-004,L-0402-01,08-Doors,PKG-004,DEL-04-02,Overhead door 16x16 ft motorized insulated standard grade with windows (cold storage),2,each,13500,27000,CAD,RATE_TABLE,Equipment_Pricing.csv row EQ-02 (RecommendedPrice=$13500; Qty_Assumed=2),MED,EQ-02 explicitly for cold storage; standard grade per SOW-0302,EST_DEL-04-02_2026-02-18_1100
DEL-04-02::L-0402-02,DEL-04-02,PKG-004,L-0402-02,08-Doors,PKG-004,DEL-04-02,Person door - hollow metal door and frame single commercial,2,each,1800,3600,CAD,RATE_TABLE,Building_Envelope_Rates.csv row BE-11 (RecommendedRate=$1800),MED,Standard commercial hollow metal per REQ-4202-06; code-compliant egress size,EST_DEL-04-02_2026-02-18_1100
DEL-04-02::L-0402-03,DEL-04-02,PKG-004,L-0402-03,08-Doors,PKG-004,DEL-04-02,Door hardware set - commercial per opening (person doors),2,each,600,1200,CAD,RATE_TABLE,Building_Envelope_Rates.csv row BE-13 (RecommendedRate=$600),MED,Lever handle + closer + hinges + weatherstrip + keyed deadbolt per REQ-4202-07,EST_DEL-04-02_2026-02-18_1100
DEL-04-02::L-0402-04,DEL-04-02,PKG-004,L-0402-04,08-Doors,PKG-004,DEL-04-02,Door hardware set - overhead door hardware allowance (weatherstrip + guides + misc),2,each,600,1200,CAD,RATE_TABLE,Building_Envelope_Rates.csv row BE-13 (RecommendedRate=$600); Assumptions_Log.md ASM-03,MED,Overhead door hardware beyond what is included in EQ-02 unit price; assumed equivalent to one commercial hardware set per opening for guides + seals + misc,EST_DEL-04-02_2026-02-18_1100
DEL-04-02::L-0402-05,DEL-04-02,PKG-004,L-0402-05,03-Concrete,PKG-004,DEL-04-02,Concrete apron at overhead door (200mm reinforced heavy-duty slab-on-grade),2,each,5400,10800,CAD,RATE_TABLE,Structural_Concrete_Rates.csv row SC-04 (RecommendedRate=$108/m2); Assumptions_Log.md ASM-04,MED,2 aprons at 50 m2 each (approx 7.5m wide x 6.7m deep per ASM-04); $108/m2 x 50 m2 = $5400 each,EST_DEL-04-02_2026-02-18_1100
DEL-04-02::L-0402-06,DEL-04-02,PKG-004,L-0402-06,07-Thermal,PKG-004,DEL-04-02,Perimeter sealant and weatherstripping at overhead door openings,2,each,512,1024,CAD,RATE_TABLE,Building_Envelope_Rates.csv row BE-14 (RecommendedRate=$16/lm); Assumptions_Log.md ASM-05,MED,Perimeter = 2*(4.88m+4.88m) = 19.5m per opening; 19.5 lm x $16/lm = $312 sealant + $200 weatherstrip allowance per ASM-06 = $512 each,EST_DEL-04-02_2026-02-18_1100
DEL-04-02::L-0402-07,DEL-04-02,PKG-004,L-0402-07,07-Thermal,PKG-004,DEL-04-02,Perimeter sealant and weatherstripping at person door openings,2,each,131,262,CAD,RATE_TABLE,Building_Envelope_Rates.csv row BE-14 (RecommendedRate=$16/lm); Assumptions_Log.md ASM-05,MED,Perimeter = 2*(0.81m+2.03m) = 5.7m per opening; 5.7 lm x $16/lm = $91 sealant + $40 weatherstrip allowance per ASM-06 = $131 each,EST_DEL-04-02_2026-02-18_1100
DEL-04-02::L-0402-08,DEL-04-02,PKG-004,L-0402-08,08-Doors,PKG-004,DEL-04-02,Installation labour - overhead doors (carpenter),32,hr,72,2304,CAD,RATE_TABLE,Construction_Labour_Rates.csv row T-02 (FullyBurdenedRate=$72/hr); Assumptions_Log.md ASM-07,MED,16 hrs per door x 2 doors = 32 hrs; includes unloading + assembly + hanging + opener installation + adjustment,EST_DEL-04-02_2026-02-18_1100
DEL-04-02::L-0402-09,DEL-04-02,PKG-004,L-0402-09,08-Doors,PKG-004,DEL-04-02,Installation labour - person doors (carpenter),8,hr,72,576,CAD,RATE_TABLE,Construction_Labour_Rates.csv row T-02 (FullyBurdenedRate=$72/hr); Assumptions_Log.md ASM-08,MED,4 hrs per door x 2 doors = 8 hrs; includes frame set + door hang + hardware install,EST_DEL-04-02_2026-02-18_1100
DEL-04-02::L-0402-10,DEL-04-02,PKG-004,L-0402-10,03-Concrete,PKG-004,DEL-04-02,Installation labour - concrete aprons (concrete finisher + labourer),48,hr,62,2976,CAD,RATE_TABLE,Construction_Labour_Rates.csv rows T-04 ($68/hr) and T-01 ($55/hr) blended; Assumptions_Log.md ASM-09,MED,24 hrs per apron x 2 aprons = 48 hrs; blended rate ($68+$55)/2=$62; includes forming + placement + finishing + curing,EST_DEL-04-02_2026-02-18_1100
DEL-04-02::L-0402-11,DEL-04-02,PKG-004,L-0402-11,08-Doors,PKG-004,DEL-04-02,Emergency exit lights above person doors (battery backup),2,each,350,700,CAD,RATE_TABLE,Assumptions_Log.md ASM-10; location TBD,LOW,Per REQ-4202-11; unit rate based on typical commercial LED exit light with battery; no direct rate table entry -- see QA warning,EST_DEL-04-02_2026-02-18_1100
DEL-04-02::L-0402-12,DEL-04-02,PKG-004,L-0402-12,08-Doors,PKG-004,DEL-04-02,Weatherproof light switches at person doors,2,each,85,170,CAD,RATE_TABLE,Assumptions_Log.md ASM-11; location TBD,LOW,Per REQ-4202-12; unit rate based on typical weatherproof switch assembly; no direct rate table entry -- see QA warning,EST_DEL-04-02_2026-02-18_1100
DEL-04-03::L-001,DEL-04-03,PKG-004,L-001,05-Metals,PKG-004,DEL-04-03,Screw piles - galvanized helical piles installed (2.75-3.5 in shaft; helix below 2.0 m frost depth; 6-8 m typical),20,each,3000,60000,CAD,RATE_TABLE,Structural_Concrete_Rates.csv SC-14 (RecommendedRate=$3000/each),MED,Pile count assumes 60x100 ft PEMB perimeter columns at ~10-12 ft spacing; see ASM-001 and ASM-002,EST_DEL-04-03_2026-02-18_1400
DEL-04-03::L-002,DEL-04-03,PKG-004,L-002,03-Concrete,PKG-004,DEL-04-03,Concrete grade beams connecting pile caps (strip footing rate as proxy for formed concrete beams),80,lm,220,17600,CAD,RATE_TABLE,Structural_Concrete_Rates.csv SC-13 (RecommendedRate=$220/lm),MED,Perimeter grade beam ~320 lf (97.5 m) = 2x100ft + 2x60ft; assumed ~80 lm net for pile-to-pile beams; see ASM-006,EST_DEL-04-03_2026-02-18_1400
DEL-04-03::L-003,DEL-04-03,PKG-004,L-003,03-Concrete,PKG-004,DEL-04-03,Concrete slab-on-grade 150mm with W/W mesh - cold storage floor (60x100 ft = 557.4 m2),557,m2,85,47345,CAD,RATE_TABLE,Structural_Concrete_Rates.csv SC-03 (RecommendedRate=$85/m2),MED,Full concrete floor per DEC-002; includes sub-base prep; sulphate-resistant mix per REQ-07 (Type HS cement 32 MPa),EST_DEL-04-03_2026-02-18_1400
DEL-04-03::L-004,DEL-04-03,PKG-004,L-004,03-Concrete,PKG-004,DEL-04-03,Concrete aprons at overhead doors (2 doors x 16x16 ft = 2 x 23.8 m2 = 47.6 m2; 200mm reinforced for vehicle loads),48,m2,108,5184,CAD,RATE_TABLE,Structural_Concrete_Rates.csv SC-04 (RecommendedRate=$108/m2),MED,Heavy-duty 200mm slab for service vehicle loads per REQ-06 (OSR 10.3.10); 2 OH doors at 16x16 ft each,EST_DEL-04-03_2026-02-18_1400
DEL-04-03::L-005,DEL-04-03,PKG-004,L-005,03-Concrete,PKG-004,DEL-04-03,Concrete aprons at person doors (2 doors x approx 1.5m x 2.0m = 6.0 m2; 150mm with mesh),6,m2,85,510,CAD,RATE_TABLE,Structural_Concrete_Rates.csv SC-03 (RecommendedRate=$85/m2),MED,Smaller aprons at 2 person doors per REQ-06; standard 150mm slab adequate for pedestrian traffic,EST_DEL-04-03_2026-02-18_1400
DEL-04-03::L-006,DEL-04-03,PKG-004,L-006,31-Earthwork,PKG-004,DEL-04-03,Subgrade preparation - strip topsoil and compact per Geotech Report section 7.1 (557.4 m2 building footprint),557,m2,12,6684,CAD,RATE_TABLE,Assumed_Project_Parameters.csv PP-07 (6000 sf footprint) + Parametric_Building_Rates.csv PB-06 ($16/sf site dev rate prorated),MED,Includes stripping topsoil; scarifying; compacting to 98% SPDD; proof rolling; rate derived as fraction of PB-06 site rate; see ASM-007,EST_DEL-04-03_2026-02-18_1400
DEL-04-03::L-007,DEL-04-03,PKG-004,L-007,02-Sitework,PKG-004,DEL-04-03,Granular base - 150mm radon rock below slab (557.4 m2 x 150mm depth),557,m2,15,8355,CAD,RATE_TABLE,Decision_Log.md DEC-EST-007 (derived from subgrade prep component of SC-03 rate),MED,20 mm screened/washed rock per Geotech section 7.1 item 6; rate estimated from granular material supply + placement; see ASM-008,EST_DEL-04-03_2026-02-18_1400
DEL-04-03::L-008,DEL-04-03,PKG-004,L-008,02-Sitework,PKG-004,DEL-04-03,Vapour barrier - polyethylene sheeting per CAN/CGSB-51.34-M below slab (557.4 m2),557,m2,5,2785,CAD,RATE_TABLE,Decision_Log.md DEC-EST-008 (derived rate for poly sheeting supply + install),MED,6 mil minimum thickness assumed per REQ-08 [E-002]; includes laps and sealing,EST_DEL-04-03_2026-02-18_1400
DEL-04-03::L-009,DEL-04-03,PKG-004,L-009,03-Concrete,PKG-004,DEL-04-03,Reinforcing steel for grade beams and slab edges (estimated 1500 kg for perimeter + slab mesh supplement),1500,kg,3.25,4875,CAD,RATE_TABLE,Structural_Concrete_Rates.csv SC-07 (RecommendedRate=$3.25/kg),MED,Includes rebar for grade beams and supplemental reinforcing at slab edges/joints; W/W mesh included in SC-03 rate,EST_DEL-04-03_2026-02-18_1400
DEL-04-03::L-010,DEL-04-03,PKG-004,L-010,05-Metals,PKG-004,DEL-04-03,Anchor bolts - screw pile to grade beam connections (20 piles x 4 bolts = 80 bolts),80,each,45,3600,CAD,RATE_TABLE,Structural_Concrete_Rates.csv SC-15 (RecommendedRate=$45/each),MED,Standard anchor bolts set in concrete grade beams at pile cap locations; 4 per pile assumed,EST_DEL-04-03_2026-02-18_1400
DEL-04-04::L-0404-01,DEL-04-04,PKG-004,L-0404-01,26-ELEC,PKG-004,DEL-04-04,Cold storage basic electrical -- panel; receptacles; lighting; door opener feeds (ES-12 rate applied to 6000 sf),6000,sf,6,36000,CAD,RATE_TABLE,Electrical_System_Rates.csv / ES-12; Assumed_Project_Parameters.csv / PP-07,MED,ES-12 recommended rate $6/sf; area PP-07 = 6000 sf confirmed. Includes service entry at building wall to panel and in-building distribution. ES-05 lighting-only rate NOT layered to avoid double-count.,EST_DEL-04-04_2026-02-18_1500
DEL-04-04::L-0404-02,DEL-04-04,PKG-004,L-0404-02,23-VENT,PKG-004,DEL-04-04,Cold storage ventilation -- condensation/icing prevention; ridge vents or gable fans; minimal mechanical (MS-13 rate applied to 6000 sf),6000,sf,3,18000,CAD,RATE_TABLE,Mechanical_System_Rates.csv / MS-13; Assumed_Project_Parameters.csv / PP-07,MED,MS-13 recommended rate $3/sf; area PP-07 = 6000 sf confirmed. Passive/low-energy systems for condensation prevention in unheated PEMB.,EST_DEL-04-04_2026-02-18_1500
DEL-05-01::L-05-01-001,DEL-05-01,PKG-005,L-05-01-001,CBS-0500-EQUIP,PKG-005,DEL-05-01,Built-in wash bay complete system (equipment + containment + drainage + water treatment/recycling + HVAC modification for heated wash area; installed in PW bay area),1,LS,95000,95000,CAD,ALLOWANCE,Optional_Items_Pricing.csv row OPT-01 (RecommendedPrice); FALLBACK per DEC-EST-001,LOW,REQUIRES VENDOR QUOTE REPLACEMENT. Range: $75000-$120000. Includes equipment + containment + drainage + water treatment/recycling + HVAC modification. Excludes base bay sump (DEL-02-05) and base mechanical rough-in (DEL-02-05). Excludes structural modifications (DEL-02-04).,EST_DEL-05-01_2026-02-18_1500
DEL-05-01::L-05-01-002,DEL-05-01,PKG-005,L-05-01-002,CBS-0500-PLMB,PKG-005,DEL-05-01,Wash bay plumbing/drainage modifications (hot/cold water supply; floor drain; containment curb; connection to separator),1,LS,16000,16000,CAD,ALLOWANCE,Optional_Items_Pricing.csv row OPT-02 (RecommendedPrice); FALLBACK per DEC-EST-001,LOW,REQUIRES VENDOR QUOTE REPLACEMENT. Range: $12000-$20000. Dedicated wash bay plumbing beyond base building rough-in. Excludes base building bay sumps (DEL-02-05). Excludes base building mechanical rough-in to wash bay location (DEL-02-05).,EST_DEL-05-01_2026-02-18_1500
DEL-05-01::L-05-01-003,DEL-05-01,PKG-005,L-05-01-003,CBS-0500-ENVR,PKG-005,DEL-05-01,Wash bay environmental compliance -- effluent treatment (oil/water separator; possible connection to municipal sewer; AEPA requirements TBD),1,LS,12000,12000,CAD,ALLOWANCE,Optional_Items_Pricing.csv row OPT-03 (RecommendedPrice); FALLBACK per DEC-EST-001,LOW,REQUIRES VENDOR QUOTE REPLACEMENT. Range: $8000-$18000. AEP/Town regulatory requirements unresolved (DEP-05-01-E04). Cost highly sensitive to regulatory outcome. Excludes base building bay sumps (DEL-02-05).,EST_DEL-05-01_2026-02-18_1500
DEL-05-02::L-0502-01,DEL-05-02,PKG-005,L-0502-01,26-ELEC,PKG-005,DEL-05-02,Yard light - pole + LED fixture + concrete base + wiring (per unit installed); 25-30 ft pole; IES dark-sky compliant LED,12,each,7500,90000,CAD,RATE_TABLE,Optional_Items_Pricing.csv row OPT-04,MED,UNIT RATE ITEM: $7500/light is the per-unit rate. Qty 12 is ASSUMED per PP-20 (LOW confidence); actual quantity elected by Owner. Total scales linearly with quantity.,EST_DEL-05-02_2026-02-18_1600
DEL-05-02::L-0502-02,DEL-05-02,PKG-005,L-0502-02,26-COND,PKG-005,DEL-05-02,Yard lighting conduit run - underground conduit + wiring from building electrical room to first pole (one-time fixed cost; does not scale per light),100,lm,80,8000,CAD,RATE_TABLE,Optional_Items_Pricing.csv row OPT-05,MED,FIXED COST per installation (not per light). Length 100 lm is ASSUMED based on brief (fence line ~100 m from nearest structure). Actual length TBD pending site plan from DEL-03-01.,EST_DEL-05-02_2026-02-18_1600
DEL-05-03::L-05-03-001,DEL-05-03,PKG-005,L-05-03-001,26 05 00,PKG-005,DEL-05-03,Access control system - 10-zone base (readers; controllers; head-end software; door contacts; REX; wiring; programming; commissioning),1,LS,45000,45000,CAD,PARAMETRIC,Optional_Items_Pricing.csv > OPT-06,LOW,Parametric pricing for 10-zone system installed. No vendor quote exists -- REQUIRES VENDOR QUOTE REPLACEMENT. Zone count assumed per PP-28. Excludes IT network infrastructure (DEL-02-06) and door hardware (DEL-02-01) and electrical power circuits (DEL-02-06).,EST_DEL-05-03_2026-02-18_1700
DEL-05-04::L-0504-01,DEL-05-04,PKG-005,L-0504-01,26-SECURITY,PKG-005,DEL-05-04,Security camera system - 16 IP cameras (interior + exterior) with NVR + storage + network switches + cabling + mounting + programming + commissioning,1,LS,50000,50000,CAD,PARAMETRIC,Optional_Items_Pricing.csv > OPT-08 (RecommendedPrice=$50000; range $40000-$60000),LOW,No vendor quote; parametric placeholder from OPT-08. Includes all equipment + wiring + installation per cost ownership rules. Camera count (16) is assumed per PP-29. REQUIRES VENDOR QUOTE REPLACEMENT.,EST_DEL-05-04_2026-02-18_1800
DEL-05-04::L-0504-02,DEL-05-04,PKG-005,L-0504-02,26-SECURITY-MONITORING,PKG-005,DEL-05-04,Security monitoring service - annual remote monitoring + alarm response coordination,1,LS,5400,5400,CAD,PARAMETRIC,Optional_Items_Pricing.csv > OPT-09 (RecommendedPrice=$5400; range $3600-$7200),LOW,No vendor quote; parametric placeholder from OPT-09. Annual subscription cost; separated from installation cost per RFP OSR 12.4. REQUIRES VENDOR QUOTE REPLACEMENT.,EST_DEL-05-04_2026-02-18_1800
DEL-05-05::L-05-05-01,DEL-05-05,PKG-005,L-05-05-01,09-SIGNAGE-FAB,PKG-005,DEL-05-05,Town branding signage -- fabricated non-illuminated (primary scenario; per sign),1,LS,12000,12000,CAD,ALLOWANCE,Optional_Items_Pricing.csv > OPT-10 (RecommendedPrice),LOW,Allowance fallback from QUOTE basis; branding guidelines PENDING; assumes 1 sign unit; aluminum + vinyl or dimensional letters; structural mount included in unit rate; quantity TBD pending branding guidelines,EST_DEL-05-05_2026-02-18_1800
DEL-05-05::L-05-05-02,DEL-05-05,PKG-005,L-05-05-02,09-SIGNAGE-FAB,PKG-005,DEL-05-05,Town branding signage -- fabricated illuminated (alternate scenario; per sign),1,LS,22000,22000,CAD,ALLOWANCE,Optional_Items_Pricing.csv > OPT-11 (RecommendedPrice),LOW,Alternate scenario if illuminated signage is selected; LED backlighting or halo illumination; illumination decision TBD; electrical connection cost included in unit rate; incremental electrical circuit cost excluded (owned by DEL-02-06),EST_DEL-05-05_2026-02-18_1800
DEL-05-06::L-0506-01,DEL-05-06,PKG-005,L-0506-01,CBS-EQP,PKG-005,DEL-05-06,Refrigerator with freezer (commercial residential; per unit),2,each,1500,3000,CAD,QUOTE,Optional_Items_Pricing.csv OPT-12 (RecommendedPrice),MEDIUM,2 units required per OSR S12.6; retail pricing treated as quote-equivalent per DEC-EST-001,EST_DEL-05-06_2026-02-18_1900
DEL-05-06::L-0506-02,DEL-05-06,PKG-005,L-0506-02,CBS-EQP,PKG-005,DEL-05-06,Microwave (commercial; per unit),2,each,450,900,CAD,QUOTE,Optional_Items_Pricing.csv OPT-13 (RecommendedPrice),MEDIUM,2 units required per OSR S12.6; retail pricing treated as quote-equivalent per DEC-EST-001,EST_DEL-05-06_2026-02-18_1900
DEL-05-06::L-0506-03,DEL-05-06,PKG-005,L-0506-03,CBS-EQP,PKG-005,DEL-05-06,Stove/oven with range hood (residential),1,each,3500,3500,CAD,QUOTE,Optional_Items_Pricing.csv OPT-14 (RecommendedPrice),MEDIUM,1 unit; electric or gas range with range hood and exhaust,EST_DEL-05-06_2026-02-18_1900
DEL-05-06::L-0506-04,DEL-05-06,PKG-005,L-0506-04,CBS-EQP,PKG-005,DEL-05-06,Dishwasher (commercial residential),1,each,1100,1100,CAD,QUOTE,Optional_Items_Pricing.csv OPT-15 (RecommendedPrice),MEDIUM,1 unit; standard built-in,EST_DEL-05-06_2026-02-18_1900
DEL-05-06::L-0506-05,DEL-05-06,PKG-005,L-0506-05,CBS-EQP,PKG-005,DEL-05-06,Residential laundry set (washer + dryer; per set),2,set,2800,5600,CAD,QUOTE,Optional_Items_Pricing.csv OPT-16 (RecommendedPrice),MEDIUM,2 sets required per OSR S12.6; front-load washer + dryer,EST_DEL-05-06_2026-02-18_1900
DEL-05-06::L-0506-06,DEL-05-06,PKG-005,L-0506-06,CBS-INST,PKG-005,DEL-05-06,Appliance installation and connection (all units),1,LS,4500,4500,CAD,QUOTE,Optional_Items_Pricing.csv OPT-17 (RecommendedPrice),MEDIUM,Plumbing connections; electrical connections; venting; testing for all appliances,EST_DEL-05-06_2026-02-18_1900
DEL-05-07::L-0507-001,DEL-05-07,PKG-005,L-0507-001,FF&E,PKG-005,DEL-05-07_Optional-FFandE-Allowance,FF&E cash allowance (furniture fixtures and equipment) - fixed per DEC-005,1,LS,20000,20000,CAD,ALLOWANCE,_PriceSources/Optional_Items_Pricing.csv row OPT-18; DEC-005,HIGH,Fixed $20k cash allowance. DB allocates: Meeting/Training $8k; Lunchroom $6k; Reception $3k; Misc $3k. Excludes connected appliances (DEL-05-06 scope).,EST_DEL-05-07_2026-02-18_2200
